T1 (ms),T2 (ms),T3 (ms),T4 (ms)
1522325786093,1522325786228,1522325786228,1522325786320
1522325786320,1522325786457,1522325786457,1522325786549
1522325786549,1522325786685,1522325786685,1522325786777
1522325786777,1522325786913,1522325786913,1522325787179
1522325787179,1522325787317,1522325787317,1522325787472
1522325787472,1522325787608,1522325787608,1522325787785
1522325787785,1522325787928,1522325787928,1522325788085
1522325788085,1522325788223,1522325788223,1522325788393
1522325788393,1522325788530,1522325788530,1522325788622
1522325788622,1522325788758,1522325788758,1522325788853
1522325788853,1522325788992,1522325788992,1522325789109
1522325789109,1522325789253,1522325789253,1522325789417
1522325789417,1522325789560,1522325789560,1522325789724
1522325789724,1522325789863,1522325789863,1522325790033
1522325790033,1522325790171,1522325790171,1522325790338
1522325790338,1522325790475,1522325790475,1522325790646
1522325790646,1522325790782,1522325790782,1522325790955
1522325790955,1522325791097,1522325791097,1522325791261
1522325791261,1522325791397,1522325791397,1522325791568
1522325791568,1522325791707,1522325791707,1522325791875
1522325791875,1522325792015,1522325792015,1522325792215
1522325792215,1522325792371,1522325792371,1522325792489
1522325792489,1522325792626,1522325792626,1522325792796
1522325792796,1522325792933,1522325792933,1522325793107
1522325793107,1522325793244,1522325793244,1522325793412
1522325793412,1522325793549,1522325793549,1522325793718
1522325793718,1522325793854,1522325793854,1522325794026
1522325794026,1522325794163,1522325794163,1522325794332
1522325794332,1522325794468,1522325794468,1522325794640
1522325794640,1522325794776,1522325794776,1522325794947
1522325794947,1522325795083,1522325795083,1522325795253
1522325795253,1522325795391,1522325795391,1522325795561
1522325795561,1522325795698,1522325795698,1522325795790
1522325795790,1522325795926,1522325795926,1522325796018
1522325796019,1522325796156,1522325796156,1522325796250
1522325796250,1522325796383,1522325796383,1522325796475
1522325796475,1522325796613,1522325796613,1522325796705
1522325796705,1522325796842,1522325796842,1522325796934
1522325796934,1522325797071,1522325797071,1522325797163
1522325797163,1522325797299,1522325797299,1522325797391
1522325797391,1522325797530,1522325797530,1522325797666
1522325797666,1522325797810,1522325797810,1522325797902
1522325797902,1522325798038,1522325798038,1522325798130
1522325798130,1522325798266,1522325798266,1522325798361
1522325798361,1522325798498,1522325798499,1522325798591
1522325798591,1522325798727,1522325798727,1522325798820
1522325798820,1522325798955,1522325798955,1522325799047
1522325799047,1522325799183,1522325799183,1522325799283
1522325799283,1522325799419,1522325799419,1522325799512
1522325799512,1522325799649,1522325799649,1522325799741
1522325799741,1522325799880,1522325799880,1522325800019
1522325800019,1522325800169,1522325800169,1522325800261
1522325800261,1522325800398,1522325800398,1522325800490
1522325800490,1522325800627,1522325800627,1522325800719
1522325800720,1522325800857,1522325800857,1522325801018
1522325801018,1522325801156,1522325801156,1522325801295
1522325801295,1522325801428,1522325801428,1522325801615
1522325801615,1522325801764,1522325801764,1522325801910
1522325801910,1522325802049,1522325802049,1522325802141
1522325802141,1522325802278,1522325802278,1522325802371
1522325802371,1522325802508,1522325802508,1522325802600
1522325802600,1522325802744,1522325802744,1522325802835
1522325802836,1522325802974,1522325802974,1522325803139
1522325803139,1522325803277,1522325803277,1522325803370
1522325803370,1522325803506,1522325803506,1522325803765
1522325803765,1522325803905,1522325803906,1522325804064
1522325804064,1522325804197,1522325804197,1522325804368
1522325804368,1522325804503,1522325804503,1522325804675
1522325804675,1522325804811,1522325804811,1522325805085
1522325805085,1522325805221,1522325805221,1522325805392
1522325805392,1522325805530,1522325805530,1522325805699
1522325805699,1522325805838,1522325805838,1522325806007
1522325806007,1522325806144,1522325806144,1522325806320
1522325806321,1522325806458,1522325806458,1522325806620
1522325806620,1522325806757,1522325806757,1522325806931
1522325806931,1522325807074,1522325807074,1522325807235
1522325807235,1522325807369,1522325807369,1522325807542
1522325807542,1522325807690,1522325807690,1522325807849
1522325807849,1522325807986,1522325807986,1522325808078
1522325808078,1522325808215,1522325808215,1522325808306
1522325808306,1522325808443,1522325808443,1522325808535
1522325808535,1522325808671,1522325808671,1522325808873
1522325808873,1522325809011,1522325809011,1522325809106
1522325809106,1522325809249,1522325809249,1522325809345
1522325809345,1522325809482,1522325809482,1522325809573
1522325809573,1522325809712,1522325809712,1522325809829
1522325809829,1522325809969,1522325809969,1522325810062
1522325810062,1522325810197,1522325810197,1522325810306
1522325810306,1522325810444,1522325810444,1522325810536
1522325810536,1522325810671,1522325810671,1522325810819
1522325810819,1522325810956,1522325810956,1522325811126
1522325811126,1522325811264,1522325811264,1522325811535
1522325811535,1522325811673,1522325811673,1522325811845
1522325811845,1522325811982,1522325811982,1522325812150
1522325812150,1522325812292,1522325812292,1522325812458
1522325812458,1522325812595,1522325812595,1522325812764
1522325812764,1522325812902,1522325812902,1522325812994
1522325812994,1522325813135,1522325813135,1522325813227
1522325813227,1522325813366,1522325813366,1522325813481
1522325813481,1522325813617,1522325813617,1522325813788
1522325813789,1522325813927,1522325813927,1522325814095
1522325814095,1522325814232,1522325814232,1522325814406
1522325814406,1522325814543,1522325814543,1522325814710
1522325814710,1522325814847,1522325814847,1522325814939
1522325814939,1522325815077,1522325815077,1522325815191
1522325815191,1522325815329,1522325815329,1522325815435
1522325815435,1522325815575,1522325815575,1522325815667
1522325815668,1522325815804,1522325815804,1522325815939
1522325815939,1522325816076,1522325816076,1522325816246
1522325816246,1522325816383,1522325816383,1522325816563
1522325816564,1522325816701,1522325816701,1522325816860
1522325816860,1522325816998,1522325816998,1522325817167
1522325817167,1522325817304,1522325817304,1522325817481
1522325817481,1522325817619,1522325817619,1522325817782
1522325817782,1522325817919,1522325817919,1522325818090
1522325818090,1522325818225,1522325818225,1522325818398
1522325818398,1522325818535,1522325818535,1522325818717
1522325818717,1522325818862,1522325818862,1522325819011
1522325819011,1522325819149,1522325819149,1522325819319
1522325819320,1522325819455,1522325819455,1522325819625
1522325819625,1522325819763,1522325819763,1522325819956
1522325819956,1522325820170,1522325820170,1522325820264
1522325820264,1522325820401,1522325820401,1522325820547
1522325820547,1522325820686,1522325820686,1522325820854
1522325820854,1522325820987,1522325820987,1522325821162
1522325821162,1522325821298,1522325821298,1522325821469
1522325821469,1522325821605,1522325821606,1522325821775
1522325821775,1522325821913,1522325821913,1522325822095
1522325822095,1522325822232,1522325822232,1522325822393
1522325822393,1522325822530,1522325822530,1522325822704
1522325822704,1522325822842,1522325822842,1522325823004
1522325823004,1522325823142,1522325823142,1522325823316
1522325823316,1522325823454,1522325823454,1522325823618
1522325823618,1522325823756,1522325823756,1522325823926
1522325823926,1522325824063,1522325824063,1522325824233
1522325824233,1522325824370,1522325824370,1522325824540
1522325824540,1522325824676,1522325824676,1522325824847
1522325824847,1522325824983,1522325824983,1522325825155
1522325825155,1522325825294,1522325825294,1522325825386
1522325825386,1522325825522,1522325825522,1522325825666
1522325825666,1522325825803,1522325825803,1522325825979
1522325825979,1522325826123,1522325826123,1522325826214
1522325826214,1522325826352,1522325826352,1522325826444
1522325826444,1522325826583,1522325826584,1522325826690
1522325826690,1522325826829,1522325826829,1522325827000
1522325827000,1522325827138,1522325827138,1522325827340
1522325827340,1522325827478,1522325827478,1522325827612
1522325827612,1522325827748,1522325827748,1522325827920
1522325827921,1522325828058,1522325828058,1522325828227
1522325828227,1522325828367,1522325828367,1522325828533
1522325828533,1522325828668,1522325828668,1522325828841
1522325828841,1522325828978,1522325828978,1522325829149
1522325829149,1522325829286,1522325829286,1522325829455
1522325829455,1522325829592,1522325829592,1522325829763
1522325829763,1522325829899,1522325829899,1522325830069
1522325830069,1522325830207,1522325830207,1522325830377
1522325830377,1522325830514,1522325830514,1522325830686
1522325830686,1522325830823,1522325830823,1522325830991
1522325830991,1522325831129,1522325831129,1522325831299
1522325831299,1522325831436,1522325831436,1522325831606
1522325831606,1522325831744,1522325831744,1522325831913
1522325831913,1522325832050,1522325832050,1522325832142
1522325832142,1522325832280,1522325832280,1522325832425
1522325832425,1522325832563,1522325832563,1522325832654
1522325832655,1522325832793,1522325832793,1522325832937
1522325832937,1522325833076,1522325833076,1522325833244
1522325833244,1522325833381,1522325833381,1522325833560
1522325833560,1522325833702,1522325833702,1522325833859
1522325833859,1522325833996,1522325833996,1522325834187
1522325834187,1522325834347,1522325834347,1522325834473
1522325834473,1522325834610,1522325834610,1522325834781
1522325834781,1522325834920,1522325834920,1522325835088
1522325835088,1522325835225,1522325835226,1522325835396
1522325835396,1522325835534,1522325835534,1522325835702
1522325835702,1522325835840,1522325835840,1522325836009
1522325836009,1522325836148,1522325836148,1522325836316
1522325836316,1522325836453,1522325836453,1522325836624
1522325836624,1522325836762,1522325836762,1522325836931
1522325836931,1522325837071,1522325837071,1522325837237
1522325837237,1522325837376,1522325837376,1522325837546
1522325837546,1522325837685,1522325837685,1522325837852
1522325837852,1522325837990,1522325837990,1522325838159
1522325838159,1522325838296,1522325838296,1522325838466
1522325838466,1522325838604,1522325838604,1522325838775
1522325838775,1522325838911,1522325838911,1522325839084
1522325839084,1522325839223,1522325839223,1522325839388
1522325839388,1522325839529,1522325839529,1522325839695
1522325839695,1522325839830,1522325839830,1522325840002
1522325840002,1522325840140,1522325840140,1522325840309
1522325840309,1522325840447,1522325840447,1522325840617
1522325840617,1522325840756,1522325840756,1522325840924
1522325840924,1522325841064,1522325841064,1522325841231
1522325841231,1522325841368,1522325841368,1522325841540
1522325841540,1522325841679,1522325841679,1522325841771
1522325841771,1522325841925,1522325841925,1522325842016
1522325842016,1522325842166,1522325842166,1522325842258
1522325842258,1522325842409,1522325842409,1522325842500
1522325842500,1522325842640,1522325842640,1522325842731
1522325842731,1522325842870,1522325842870,1522325842961
1522325842961,1522325843100,1522325843100,1522325843192
1522325843192,1522325843329,1522325843329,1522325843421
1522325843421,1522325843559,1522325843559,1522325843650
1522325843650,1522325843793,1522325843793,1522325843884
1522325843884,1522325844022,1522325844022,1522325844114
1522325844114,1522325844251,1522325844251,1522325844343
1522325844343,1522325844479,1522325844479,1522325844570
1522325844570,1522325844710,1522325844710,1522325844801
1522325844801,1522325844940,1522325844940,1522325845031
1522325845032,1522325845169,1522325845169,1522325845261
1522325845261,1522325845399,1522325845399,1522325845492
1522325845492,1522325845627,1522325845627,1522325845719
1522325845719,1522325845852,1522325845852,1522325845943
1522325845943,1522325846082,1522325846082,1522325846174
1522325846174,1522325846311,1522325846311,1522325846402
1522325846402,1522325846543,1522325846543,1522325846634
1522325846634,1522325846771,1522325846771,1522325846866
1522325846866,1522325847004,1522325847005,1522325847096
1522325847096,1522325847233,1522325847233,1522325847324
1522325847325,1522325847484,1522325847484,1522325847575
1522325847575,1522325847713,1522325847713,1522325847804
1522325847804,1522325847946,1522325847946,1522325848037
1522325848037,1522325848176,1522325848176,1522325848267
1522325848267,1522325848407,1522325848407,1522325848498
1522325848498,1522325848638,1522325848638,1522325848729
1522325848729,1522325848868,1522325848868,1522325848959
1522325848959,1522325849097,1522325849097,1522325849188
1522325849188,1522325849326,1522325849326,1522325849417
1522325849417,1522325849554,1522325849554,1522325849645
1522325849645,1522325849780,1522325849780,1522325849871
1522325849871,1522325850007,1522325850007,1522325850098
1522325850098,1522325850237,1522325850237,1522325850329
1522325850329,1522325850463,1522325850463,1522325850554
1522325850554,1522325850688,1522325850688,1522325850780
1522325850780,1522325850919,1522325850919,1522325851010
1522325851010,1522325851148,1522325851148,1522325851239
1522325851239,1522325851379,1522325851379,1522325851470
1522325851470,1522325851603,1522325851603,1522325851694
1522325851694,1522325851828,1522325851828,1522325851919
1522325851919,1522325852056,1522325852056,1522325852147
1522325852147,1522325852286,1522325852286,1522325852377
1522325852377,1522325852514,1522325852514,1522325852606
1522325852606,1522325852744,1522325852744,1522325852835
1522325852835,1522325852975,1522325852975,1522325853066
1522325853066,1522325853204,1522325853204,1522325853295
1522325853296,1522325853434,1522325853434,1522325853525
1522325853525,1522325853666,1522325853666,1522325853757
1522325853757,1522325853893,1522325853893,1522325853984
1522325853984,1522325854123,1522325854123,1522325854215
1522325854215,1522325854353,1522325854353,1522325854444
1522325854444,1522325854581,1522325854581,1522325854672
1522325854672,1522325854810,1522325854810,1522325854901
1522325854901,1522325855040,1522325855040,1522325855131
1522325855131,1522325855269,1522325855269,1522325855362
1522325855362,1522325855500,1522325855500,1522325855600
1522325855600,1522325855740,1522325855741,1522325855832
1522325855832,1522325855971,1522325855971,1522325856063
1522325856063,1522325856199,1522325856199,1522325856290
1522325856290,1522325856428,1522325856428,1522325856519
1522325856519,1522325856655,1522325856655,1522325856747
1522325856747,1522325856883,1522325856883,1522325857001
1522325857001,1522325857139,1522325857139,1522325857344
1522325857344,1522325857482,1522325857482,1522325857615
1522325857615,1522325857752,1522325857752,1522325857922
1522325857922,1522325858063,1522325858063,1522325858154
1522325858154,1522325858292,1522325858292,1522325858383
1522325858383,1522325858520,1522325858520,1522325858611
1522325858611,1522325858749,1522325858749,1522325858840
1522325858840,1522325858977,1522325858977,1522325859068
1522325859068,1522325859209,1522325859209,1522325859300
1522325859300,1522325859438,1522325859438,1522325859561
1522325859561,1522325859697,1522325859697,1522325859971
1522325859971,1522325860111,1522325860111,1522325860278
1522325860278,1522325860417,1522325860417,1522325860585
1522325860585,1522325860721,1522325860721,1522325860893
1522325860893,1522325861031,1522325861031,1522325861200
1522325861200,1522325861338,1522325861338,1522325861507
1522325861507,1522325861645,1522325861645,1522325861815
1522325861815,1522325861952,1522325861952,1522325862121
1522325862121,1522325862260,1522325862260,1522325862428
1522325862428,1522325862563,1522325862563,1522325862654
1522325862654,1522325862793,1522325862793,1522325862940
1522325862940,1522325863077,1522325863077,1522325863247
1522325863248,1522325863386,1522325863386,1522325863555
1522325863555,1522325863693,1522325863693,1522325863862
1522325863862,1522325864003,1522325864003,1522325864169
1522325864169,1522325864308,1522325864308,1522325864476
1522325864476,1522325864613,1522325864613,1522325864783
1522325864784,1522325864923,1522325864923,1522325865091
1522325865091,1522325865230,1522325865230,1522325865398
1522325865398,1522325865535,1522325865535,1522325865705
1522325865705,1522325865843,1522325865843,1522325866013
1522325866014,1522325866151,1522325866151,1522325866332
1522325866332,1522325866471,1522325866471,1522325866627
1522325866627,1522325866767,1522325866767,1522325866935
1522325866935,1522325867072,1522325867072,1522325867241
1522325867241,1522325867380,1522325867380,1522325867548
1522325867548,1522325867687,1522325867687,1522325867856
1522325867856,1522325867994,1522325867994,1522325868085
1522325868085,1522325868223,1522325868223,1522325868314
1522325868314,1522325868452,1522325868452,1522325868543
1522325868543,1522325868682,1522325868682,1522325868881
1522325868881,1522325869018,1522325869018,1522325869109
1522325869109,1522325869247,1522325869247,1522325869392
1522325869392,1522325869530,1522325869530,1522325869699
1522325869699,1522325869836,1522325869836,1522325870006
1522325870006,1522325870145,1522325870145,1522325870313
1522325870313,1522325870452,1522325870452,1522325870637
1522325870638,1522325870776,1522325870776,1522325870927
1522325870927,1522325871067,1522325871067,1522325871236
1522325871236,1522325871374,1522325871374,1522325871542
1522325871542,1522325871685,1522325871685,1522325871849
1522325871849,1522325871988,1522325871988,1522325872156
1522325872156,1522325872295,1522325872295,1522325872465
1522325872465,1522325872604,1522325872604,1522325872773
1522325872774,1522325872911,1522325872911,1522325873078
1522325873078,1522325873217,1522325873217,1522325873389
1522325873389,1522325873524,1522325873525,1522325873692
1522325873692,1522325873829,1522325873829,1522325873999
1522325873999,1522325874139,1522325874139,1522325874307
1522325874307,1522325874446,1522325874446,1522325874614
1522325874614,1522325874751,1522325874751,1522325874921
1522325874921,1522325875057,1522325875057,1522325875236
1522325875236,1522325875376,1522325875376,1522325875538
1522325875538,1522325875678,1522325875678,1522325875843
1522325875844,1522325875982,1522325875982,1522325876150
1522325876150,1522325876289,1522325876289,1522325876458
1522325876458,1522325876597,1522325876597,1522325876772
1522325876772,1522325876916,1522325876916,1522325877072
1522325877072,1522325877211,1522325877211,1522325877383
1522325877383,1522325877524,1522325877524,1522325877686
1522325877686,1522325877827,1522325877827,1522325877993
1522325877993,1522325878131,1522325878131,1522325878302
1522325878302,1522325878440,1522325878440,1522325878531
1522325878531,1522325878670,1522325878670,1522325878760
1522325878760,1522325878899,1522325878899,1522325878990
1522325878990,1522325879130,1522325879130,1522325879324
1522325879324,1522325879464,1522325879464,1522325879633
1522325879633,1522325879772,1522325879772,1522325879938
1522325879938,1522325880077,1522325880077,1522325880246
1522325880246,1522325880386,1522325880386,1522325880553
1522325880554,1522325880693,1522325880693,1522325880860
1522325880860,1522325881000,1522325881000,1522325881167
1522325881167,1522325881306,1522325881306,1522325881475
1522325881475,1522325881612,1522325881612,1522325881784
1522325881784,1522325881922,1522325881922,1522325882089
1522325882089,1522325882227,1522325882227,1522325882396
1522325882396,1522325882535,1522325882535,1522325882704
1522325882704,1522325882842,1522325882842,1522325883011
1522325883011,1522325883152,1522325883152,1522325883317
1522325883317,1522325883456,1522325883456,1522325883625
1522325883625,1522325883764,1522325883764,1522325883932
1522325883932,1522325884071,1522325884071,1522325884239
1522325884239,1522325884377,1522325884377,1522325884565
1522325884565,1522325884734,1522325884734,1522325884853
1522325884854,1522325884991,1522325884991,1522325885161
1522325885161,1522325885300,1522325885300,1522325885468
1522325885468,1522325885608,1522325885608,1522325885775
1522325885775,1522325885914,1522325885914,1522325886082
1522325886082,1522325886222,1522325886222,1522325886389
1522325886389,1522325886529,1522325886529,1522325886619
1522325886619,1522325886764,1522325886764,1522325886901
1522325886901,1522325887043,1522325887043,1522325887213
1522325887214,1522325887352,1522325887352,1522325887516
1522325887516,1522325887655,1522325887655,1522325887824
1522325887824,1522325887962,1522325887962,1522325888130
1522325888130,1522325888268,1522325888268,1522325888437
1522325888437,1522325888579,1522325888579,1522325888671
1522325888671,1522325888812,1522325888812,1522325888903
1522325888903,1522325889042,1522325889042,1522325889154
1522325889154,1522325889293,1522325889293,1522325889462
1522325889462,1522325889601,1522325889601,1522325889769
1522325889769,1522325889908,1522325889908,1522325890077
1522325890077,1522325890215,1522325890215,1522325890384
1522325890384,1522325890523,1522325890523,1522325890693
1522325890693,1522325890835,1522325890835,1522325890981
1522325890981,1522325891123,1522325891123,1522325891213
1522325891213,1522325891352,1522325891352,1522325891443
1522325891443,1522325891581,1522325891581,1522325891672
1522325891672,1522325891809,1522325891809,1522325891902
1522325891902,1522325892043,1522325892043,1522325892133
1522325892133,1522325892271,1522325892271,1522325892362
1522325892362,1522325892503,1522325892503,1522325892594
1522325892594,1522325892733,1522325892733,1522325892823
1522325892823,1522325892961,1522325892961,1522325893053
1522325893053,1522325893191,1522325893191,1522325893282
1522325893282,1522325893421,1522325893421,1522325893511
1522325893511,1522325893650,1522325893650,1522325893741
1522325893741,1522325893879,1522325893879,1522325893971
1522325893971,1522325894108,1522325894108,1522325894205
1522325894205,1522325894355,1522325894355,1522325894446
1522325894446,1522325894584,1522325894584,1522325894675
1522325894675,1522325894810,1522325894810,1522325894900
1522325894900,1522325895039,1522325895039,1522325895130
1522325895130,1522325895263,1522325895263,1522325895353
1522325895354,1522325895492,1522325895492,1522325895582
1522325895582,1522325895719,1522325895719,1522325895810
1522325895810,1522325895949,1522325895949,1522325896039
1522325896039,1522325896180,1522325896180,1522325896270
1522325896270,1522325896404,1522325896405,1522325896495
1522325896495,1522325896633,1522325896633,1522325896723
1522325896723,1522325896861,1522325896861,1522325897040
1522325897040,1522325897179,1522325897179,1522325897352
1522325897352,1522325897498,1522325897498,1522325897654
1522325897654,1522325897792,1522325897792,1522325897961
1522325897961,1522325898103,1522325898103,1522325898268
1522325898268,1522325898407,1522325898407,1522325898577
1522325898577,1522325898715,1522325898715,1522325898883
1522325898883,1522325899021,1522325899021,1522325899198
1522325899198,1522325899337,1522325899337,1522325899510
1522325899510,1522325899667,1522325899667,1522325899804
1522325899805,1522325899943,1522325899943,1522325900112
1522325900112,1522325900251,1522325900251,1522325900419
1522325900419,1522325900558,1522325900558,1522325900726
1522325900726,1522325900864,1522325900864,1522325901033
1522325901033,1522325901172,1522325901172,1522325901340
1522325901340,1522325901479,1522325901479,1522325901648
1522325901648,1522325901788,1522325901788,1522325901954
1522325901954,1522325902093,1522325902093,1522325902262
1522325902262,1522325902401,1522325902401,1522325902569
1522325902569,1522325902705,1522325902705,1522325902876
1522325902877,1522325903016,1522325903016,1522325903183
1522325903183,1522325903322,1522325903322,1522325903491
1522325903491,1522325903630,1522325903630,1522325903804
1522325903804,1522325903963,1522325903963,1522325904105
1522325904105,1522325904245,1522325904245,1522325904412
1522325904412,1522325904552,1522325904552,1522325904719
1522325904719,1522325904858,1522325904858,1522325905027
1522325905027,1522325905168,1522325905168,1522325905333
1522325905333,1522325905469,1522325905469,1522325905641
1522325905641,1522325905779,1522325905779,1522325905873
1522325905873,1522325906021,1522325906021,1522325906153
1522325906153,1522325906293,1522325906293,1522325906460
1522325906460,1522325906604,1522325906604,1522325906767
1522325906767,1522325906907,1522325906907,1522325907191
1522325907191,1522325907344,1522325907344,1522325907484
1522325907484,1522325907621,1522325907621,1522325907791
1522325907792,1522325907930,1522325907930,1522325908098
1522325908098,1522325908237,1522325908237,1522325908406
1522325908406,1522325908543,1522325908543,1522325908712
1522325908713,1522325908852,1522325908852,1522325909034
1522325909034,1522325909174,1522325909174,1522325909328
1522325909328,1522325909467,1522325909467,1522325909635
1522325909635,1522325909774,1522325909774,1522325909948
1522325909948,1522325910085,1522325910085,1522325910249
1522325910249,1522325910388,1522325910388,1522325910559
1522325910560,1522325910697,1522325910697,1522325910864
1522325910864,1522325911002,1522325911002,1522325911179
1522325911180,1522325911330,1522325911330,1522325911478
1522325911478,1522325911618,1522325911618,1522325911785
1522325911785,1522325911925,1522325911925,1522325912092
1522325912092,1522325912231,1522325912231,1522325912400
1522325912400,1522325912538,1522325912538,1522325912706
1522325912706,1522325912847,1522325912847,1522325913013
1522325913013,1522325913151,1522325913151,1522325913322
1522325913323,1522325913462,1522325913462,1522325913628
1522325913628,1522325913768,1522325913768,1522325913936
1522325913936,1522325914077,1522325914077,1522325914242
1522325914242,1522325914382,1522325914382,1522325914550
1522325914550,1522325914688,1522325914688,1522325914857
1522325914857,1522325914996,1522325914996,1522325915164
1522325915164,1522325915303,1522325915303,1522325915471
1522325915471,1522325915610,1522325915610,1522325915700
1522325915700,1522325915840,1522325915840,1522325915984
1522325915984,1522325916122,1522325916122,1522325916290
1522325916290,1522325916431,1522325916431,1522325916600
1522325916600,1522325916738,1522325916738,1522325916830
1522325916831,1522325916970,1522325916970,1522325917109
1522325917109,1522325917249,1522325917249,1522325917417
1522325917417,1522325917556,1522325917557,1522325917724
1522325917725,1522325917863,1522325917863,1522325918031
1522325918031,1522325918167,1522325918167,1522325918339
1522325918339,1522325918478,1522325918478,1522325918646
1522325918646,1522325918785,1522325918785,1522325918953
1522325918953,1522325919088,1522325919088,1522325919260
1522325919260,1522325919400,1522325919400,1522325919490
1522325919490,1522325919629,1522325919629,1522325919772
1522325919772,1522325919911,1522325919911,1522325920080
1522325920080,1522325920223,1522325920223,1522325920387
1522325920387,1522325920528,1522325920528,1522325920694
1522325920694,1522325920833,1522325920833,1522325921006
1522325921006,1522325921143,1522325921143,1522325921308
1522325921308,1522325921447,1522325921447,1522325921615
1522325921615,1522325921754,1522325921754,1522325921924
1522325921925,1522325922066,1522325922066,1522325922230
1522325922230,1522325922368,1522325922368,1522325922538
1522325922538,1522325922678,1522325922678,1522325922768
1522325922768,1522325922906,1522325922906,1522325923049
1522325923049,1522325923188,1522325923188,1522325923356
1522325923356,1522325923494,1522325923494,1522325923664
1522325923664,1522325923804,1522325923804,1522325923970
1522325923970,1522325924111,1522325924111,1522325924278
1522325924278,1522325924417,1522325924417,1522325924585
1522325924585,1522325924727,1522325924727,1522325924892
1522325924892,1522325925030,1522325925030,1522325925203
1522325925203,1522325925343,1522325925343,1522325925507
1522325925507,1522325925649,1522325925649,1522325925754
1522325925754,1522325925893,1522325925893,1522325925983
1522325925984,1522325926124,1522325926124,1522325926224
1522325926224,1522325926363,1522325926364,1522325926531
1522325926531,1522325926670,1522325926670,1522325926838
1522325926838,1522325926977,1522325926977,1522325927147
1522325927147,1522325927281,1522325927281,1522325927452
1522325927452,1522325927591,1522325927591,1522325927760
1522325927760,1522325927899,1522325927899,1522325928066
1522325928066,1522325928205,1522325928205,1522325928373
1522325928373,1522325928513,1522325928513,1522325928681
1522325928681,1522325928821,1522325928821,1522325928988
1522325928988,1522325929127,1522325929127,1522325929295
1522325929295,1522325929434,1522325929434,1522325929524
1522325929524,1522325929664,1522325929664,1522325929820
1522325929820,1522325929967,1522325929967,1522325930116
1522325930116,1522325930256,1522325930256,1522325930422
1522325930422,1522325930562,1522325930562,1522325930703
1522325930703,1522325930843,1522325930843,1522325930934
1522325930935,1522325931074,1522325931074,1522325931164
1522325931164,1522325931304,1522325931304,1522325931440
1522325931440,1522325931578,1522325931578,1522325931668
1522325931668,1522325931810,1522325931810,1522325931901
1522325931901,1522325932043,1522325932043,1522325932133
1522325932133,1522325932274,1522325932274,1522325932364
1522325932364,1522325932500,1522325932500,1522325932592
1522325932592,1522325932738,1522325932738,1522325932828
1522325932828,1522325932965,1522325932965,1522325933055
1522325933055,1522325933194,1522325933194,1522325933284
1522325933284,1522325933421,1522325933421,1522325933510
1522325933511,1522325933650,1522325933650,1522325933739
1522325933739,1522325933879,1522325933879,1522325933968
1522325933968,1522325934107,1522325934107,1522325934197
1522325934197,1522325934335,1522325934335,1522325934427
1522325934427,1522325934568,1522325934568,1522325934657
1522325934657,1522325934797,1522325934797,1522325934887
1522325934887,1522325935027,1522325935027,1522325935116
1522325935117,1522325935257,1522325935257,1522325935346
1522325935347,1522325935490,1522325935490,1522325935580
1522325935580,1522325935719,1522325935720,1522325935809
1522325935809,1522325935949,1522325935949,1522325936039
1522325936039,1522325936182,1522325936182,1522325936272
1522325936272,1522325936410,1522325936410,1522325936500
1522325936500,1522325936640,1522325936640,1522325936730
1522325936730,1522325936866,1522325936866,1522325936955
1522325936955,1522325937095,1522325937095,1522325937185
1522325937185,1522325937327,1522325937327,1522325937417
1522325937417,1522325937556,1522325937556,1522325937646
1522325937646,1522325937785,1522325937785,1522325937879
1522325937879,1522325938020,1522325938020,1522325938109
1522325938110,1522325938248,1522325938248,1522325938338
1522325938338,1522325938476,1522325938476,1522325938565
1522325938565,1522325938705,1522325938705,1522325938794
1522325938794,1522325938943,1522325938943,1522325939032
1522325939032,1522325939172,1522325939172,1522325939262
1522325939262,1522325939402,1522325939402,1522325939491
1522325939491,1522325939632,1522325939632,1522325939722
1522325939722,1522325939859,1522325939859,1522325939949
1522325939949,1522325940089,1522325940089,1522325940179
1522325940179,1522325940317,1522325940317,1522325940407
1522325940407,1522325940550,1522325940550,1522325940640
1522325940640,1522325940775,1522325940775,1522325940865
1522325940865,1522325941006,1522325941006,1522325941096
1522325941096,1522325941236,1522325941236,1522325941326
1522325941326,1522325941465,1522325941465,1522325941555
1522325941555,1522325941691,1522325941691,1522325941781
1522325941781,1522325941921,1522325941921,1522325942012
1522325942012,1522325942151,1522325942151,1522325942241
1522325942242,1522325942381,1522325942381,1522325942473
1522325942473,1522325942613,1522325942613,1522325942704
1522325942704,1522325942843,1522325942843,1522325942933
1522325942933,1522325943072,1522325943072,1522325943161
1522325943162,1522325943301,1522325943301,1522325943393
1522325943393,1522325943557,1522325943557,1522325943647
1522325943647,1522325943785,1522325943785,1522325943875
1522325943875,1522325944015,1522325944015,1522325944105
1522325944105,1522325944245,1522325944245,1522325944335
1522325944335,1522325944475,1522325944475,1522325944564
1522325944564,1522325944708,1522325944708,1522325944797
1522325944797,1522325944936,1522325944936,1522325945025
1522325945025,1522325945165,1522325945165,1522325945255
1522325945255,1522325945389,1522325945389,1522325945478
1522325945479,1522325945618,1522325945618,1522325945708
1522325945708,1522325945851,1522325945851,1522325945941
1522325945941,1522325946080,1522325946080,1522325946169
1522325946169,1522325946308,1522325946308,1522325946402
1522325946402,1522325946540,1522325946540,1522325946630
1522325946630,1522325946769,1522325946769,1522325946859
1522325946859,1522325946997,1522325946997,1522325947087
1522325947087,1522325947225,1522325947225,1522325947314
1522325947314,1522325947463,1522325947463,1522325947553
1522325947553,1522325947693,1522325947693,1522325947782
1522325947783,1522325947922,1522325947922,1522325948011
1522325948011,1522325948149,1522325948149,1522325948239
1522325948239,1522325948378,1522325948378,1522325948467
1522325948467,1522325948607,1522325948607,1522325948696
1522325948696,1522325948836,1522325948836,1522325948926
1522325948926,1522325949065,1522325949065,1522325949155
1522325949155,1522325949295,1522325949295,1522325949385
1522325949385,1522325949525,1522325949526,1522325949615
1522325949615,1522325949764,1522325949764,1522325949853
1522325949853,1522325949997,1522325949997,1522325950088
1522325950088,1522325950227,1522325950227,1522325950317
1522325950317,1522325950456,1522325950456,1522325950545
1522325950545,1522325950684,1522325950684,1522325950774
1522325950774,1522325950913,1522325950913,1522325951035
1522325951035,1522325951175,1522325951175,1522325951265
1522325951265,1522325951403,1522325951403,1522325951493
1522325951493,1522325951631,1522325951631,1522325951725
1522325951725,1522325951863,1522325951863,1522325952028
1522325952029,1522325952170,1522325952170,1522325952335
1522325952335,1522325952475,1522325952475,1522325952643
1522325952643,1522325952784,1522325952784,1522325952874
1522325952874,1522325953014,1522325953014,1522325953155
1522325953155,1522325953293,1522325953293,1522325953462
1522325953462,1522325953603,1522325953603,1522325953769
1522325953769,1522325953911,1522325953911,1522325954000
1522325954000,1522325954140,1522325954141,1522325954264
1522325954264,1522325954406,1522325954406,1522325954579
1522325954579,1522325954717,1522325954717,1522325954902
1522325954902,1522325955040,1522325955041,1522325955203
1522325955203,1522325955344,1522325955344,1522325955433
1522325955433,1522325955571,1522325955571,1522325955715
1522325955715,1522325955863,1522325955863,1522325955952
1522325955952,1522325956091,1522325956091,1522325956227
1522325956227,1522325956365,1522325956365,1522325956455
1522325956455,1522325956595,1522325956595,1522325956686
1522325956686,1522325956828,1522325956828,1522325956917
1522325956917,1522325957059,1522325957059,1522325957251
1522325957251,1522325957393,1522325957393,1522325957558
1522325957558,1522325957698,1522325957698,1522325957868
1522325957868,1522325958008,1522325958008,1522325958172
1522325958173,1522325958312,1522325958312,1522325958479
1522325958480,1522325958623,1522325958623,1522325958787
1522325958787,1522325958926,1522325958926,1522325959098
1522325959098,1522325959239,1522325959239,1522325959401
1522325959402,1522325959541,1522325959541,1522325959708
1522325959709,1522325959849,1522325959849,1522325960016
1522325960016,1522325960155,1522325960155,1522325960323
1522325960323,1522325960462,1522325960462,1522325960630
1522325960630,1522325960771,1522325960771,1522325960937
1522325960937,1522325961078,1522325961078,1522325961244
1522325961244,1522325961385,1522325961385,1522325961560
1522325961560,1522325961766,1522325961766,1522325961961
1522325961961,1522325962104,1522325962104,1522325962371
1522325962371,1522325962509,1522325962509,1522325962677
1522325962677,1522325962819,1522325962819,1522325962985
1522325962985,1522325963125,1522325963125,1522325963292
1522325963292,1522325963427,1522325963427,1522325963599
1522325963600,1522325963739,1522325963739,1522325963907
1522325963907,1522325964046,1522325964046,1522325964214
1522325964214,1522325964355,1522325964355,1522325964530
1522325964530,1522325964673,1522325964673,1522325964828
1522325964828,1522325964968,1522325964968,1522325965145
1522325965145,1522325965288,1522325965288,1522325965451
1522325965451,1522325965591,1522325965591,1522325965750
1522325965750,1522325965890,1522325965890,1522325966057
1522325966057,1522325966197,1522325966197,1522325966364
1522325966364,1522325966503,1522325966503,1522325966672
1522325966672,1522325966812,1522325966812,1522325966979
1522325966979,1522325967120,1522325967120,1522325967286
1522325967286,1522325967426,1522325967426,1522325967593
1522325967593,1522325967732,1522325967732,1522325967900
1522325967900,1522325968041,1522325968041,1522325968208
1522325968208,1522325968347,1522325968347,1522325968515
1522325968515,1522325968655,1522325968655,1522325968822
1522325968823,1522325968963,1522325968963,1522325969129
1522325969129,1522325969270,1522325969270,1522325969436
1522325969437,1522325969576,1522325969576,1522325969743
1522325969743,1522325969881,1522325969881,1522325970053
1522325970053,1522325970192,1522325970192,1522325970358
1522325970358,1522325970498,1522325970498,1522325970665
1522325970665,1522325970808,1522325970808,1522325970973
1522325970973,1522325971114,1522325971114,1522325971280
1522325971280,1522325971420,1522325971420,1522325971587
1522325971587,1522325971728,1522325971728,1522325971817
1522325971817,1522325971957,1522325971957,1522325972099
1522325972099,1522325972243,1522325972243,1522325972406
1522325972406,1522325972546,1522325972546,1522325972713
1522325972713,1522325972852,1522325972852,1522325973021
1522325973021,1522325973158,1522325973158,1522325973328
1522325973328,1522325973472,1522325973472,1522325973635
1522325973635,1522325973776,1522325973776,1522325973942
1522325973942,1522325974082,1522325974082,1522325974250
1522325974250,1522325974390,1522325974390,1522325974556
1522325974557,1522325974695,1522325974695,1522325974863
1522325974863,1522325975004,1522325975004,1522325975171
1522325975171,1522325975312,1522325975312,1522325975486
1522325975487,1522325975629,1522325975629,1522325975785
1522325975785,1522325975927,1522325975927,1522325976092
1522325976092,1522325976235,1522325976235,1522325976401
1522325976401,1522325976539,1522325976539,1522325976707
1522325976707,1522325976846,1522325976846,1522325977014
1522325977014,1522325977154,1522325977154,1522325977356
1522325977356,1522325977495,1522325977495,1522325977628
1522325977628,1522325977768,1522325977768,1522325977936
1522325977936,1522325978076,1522325978076,1522325978242
1522325978242,1522325978381,1522325978381,1522325978550
1522325978550,1522325978690,1522325978690,1522325978856
1522325978856,1522325978997,1522325978997,1522325979087
1522325979087,1522325979226,1522325979226,1522325979316
1522325979316,1522325979455,1522325979455,1522325979575
1522325979575,1522325979714,1522325979714,1522325979881
1522325979881,1522325980020,1522325980020,1522325980188
1522325980188,1522325980330,1522325980330,1522325980501
1522325980501,1522325980648,1522325980649,1522325980803
1522325980803,1522325980943,1522325980943,1522325981110
1522325981110,1522325981251,1522325981251,1522325981417
1522325981417,1522325981558,1522325981558,1522325981724
1522325981725,1522325981865,1522325981865,1522325982032
1522325982032,1522325982173,1522325982173,1522325982339
1522325982339,1522325982478,1522325982478,1522325982647
1522325982647,1522325982788,1522325982788,1522325982878
1522325982878,1522325983019,1522325983019,1522325983158
1522325983158,1522325983298,1522325983298,1522325983466
1522325983466,1522325983607,1522325983607,1522325983774
1522325983774,1522325983914,1522325983914,1522325984080
1522325984080,1522325984221,1522325984221,1522325984310
1522325984310,1522325984450,1522325984450,1522325984593
1522325984593,1522325984735,1522325984735,1522325984899
1522325984899,1522325985041,1522325985041,1522325985206
1522325985206,1522325985345,1522325985345,1522325985513
1522325985513,1522325985653,1522325985653,1522325985820
1522325985820,1522325985961,1522325985961,1522325986130
1522325986130,1522325986272,1522325986272,1522325986440
1522325986440,1522325986581,1522325986581,1522325986742
1522325986742,1522325986881,1522325986882,1522325987049
1522325987049,1522325987189,1522325987189,1522325987356
1522325987356,1522325987495,1522325987495,1522325987663
1522325987664,1522325987806,1522325987806,1522325987895
1522325987895,1522325988036,1522325988036,1522325988176
1522325988176,1522325988316,1522325988316,1522325988489
1522325988489,1522325988632,1522325988632,1522325988790
1522325988790,1522325988931,1522325988931,1522325989097
1522325989097,1522325989240,1522325989240,1522325989329
1522325989329,1522325989470,1522325989470,1522325989610
1522325989610,1522325989754,1522325989754,1522325989916
1522325989916,1522325990057,1522325990057,1522325990224
1522325990224,1522325990364,1522325990364,1522325990532
1522325990532,1522325990671,1522325990671,1522325990838
1522325990838,1522325990977,1522325990977,1522325991146
1522325991147,1522325991287,1522325991287,1522325991453
1522325991453,1522325991591,1522325991591,1522325991759
1522325991759,1522325991899,1522325991899,1522325992169
1522325992169,1522325992309,1522325992309,1522325992476
1522325992476,1522325992615,1522325992615,1522325992784
1522325992784,1522325992923,1522325992923,1522325993091
1522325993091,1522325993233,1522325993233,1522325993398
1522325993398,1522325993543,1522325993543,1522325993631
1522325993631,1522325993771,1522325993771,1522325993860
1522325993860,1522325994001,1522325994001,1522325994090
1522325994090,1522325994230,1522325994230,1522325994422
1522325994422,1522325994567,1522325994567,1522325994729
1522325994729,1522325994871,1522325994871,1522325995036
1522325995036,1522325995182,1522325995182,1522325995345
1522325995345,1522325995485,1522325995485,1522325995651
1522325995651,1522325995794,1522325995794,1522325995958
1522325995958,1522325996097,1522325996097,1522325996186
1522325996186,1522325996326,1522325996326,1522325996415
1522325996415,1522325996551,1522325996551,1522325996640
1522325996640,1522325996782,1522325996782,1522325996871
1522325996871,1522325997014,1522325997014,1522325997103
1522325997103,1522325997238,1522325997238,1522325997394
1522325997395,1522325997536,1522325997536,1522325997625
1522325997625,1522325997765,1522325997765,1522325997855
1522325997855,1522325997996,1522325997996,1522325998108
1522325998108,1522325998248,1522325998248,1522325998518
1522325998518,1522325998658,1522325998658,1522325998825
1522325998825,1522325998967,1522325998967,1522325999056
1522325999056,1522325999198,1522325999198,1522325999287
1522325999287,1522325999426,1522325999426,1522325999544
1522325999544,1522325999685,1522325999685,1522325999849
1522325999849,1522325999992,1522325999992,1522326000082
1522326000082,1522326000225,1522326000225,1522326000313
1522326000313,1522326000455,1522326000455,1522326000543
1522326000543,1522326000684,1522326000684,1522326000773
1522326000773,1522326000913,1522326000913,1522326001002
1522326001002,1522326001143,1522326001143,1522326001232
1522326001232,1522326001371,1522326001371,1522326001460
1522326001460,1522326001602,1522326001602,1522326001795
1522326001795,1522326001936,1522326001936,1522326002102
1522326002102,1522326002243,1522326002243,1522326002409
1522326002409,1522326002553,1522326002553,1522326002719
1522326002719,1522326002864,1522326002864,1522326003025
1522326003025,1522326003162,1522326003162,1522326003253
1522326003253,1522326003396,1522326003396,1522326003537
1522326003537,1522326003678,1522326003678,1522326003843
1522326003843,1522326003980,1522326003980,1522326004151
1522326004151,1522326004292,1522326004292,1522326004458
1522326004458,1522326004599,1522326004599,1522326004764
1522326004764,1522326004904,1522326004904,1522326004993
1522326004994,1522326005133,1522326005133,1522326005222
1522326005222,1522326005363,1522326005363,1522326005481
1522326005481,1522326005623,1522326005623,1522326005711
1522326005711,1522326005851,1522326005851,1522326005993
1522326005993,1522326006137,1522326006137,1522326006226
1522326006226,1522326006365,1522326006365,1522326006453
1522326006453,1522326006594,1522326006594,1522326006710
1522326006710,1522326006851,1522326006851,1522326007017
1522326007017,1522326007158,1522326007158,1522326007360
1522326007360,1522326007504,1522326007504,1522326007632
1522326007632,1522326007773,1522326007773,1522326007938
1522326007939,1522326008079,1522326008079,1522326008168
1522326008168,1522326008310,1522326008310,1522326008399
1522326008399,1522326008539,1522326008539,1522326008629
1522326008629,1522326008773,1522326008773,1522326008861
1522326008861,1522326009002,1522326009002,1522326009090
1522326009090,1522326009233,1522326009233,1522326009372
1522326009372,1522326009510,1522326009510,1522326009598
1522326009599,1522326009738,1522326009738,1522326009831
1522326009831,1522326009972,1522326009972,1522326010061
1522326010061,1522326010208,1522326010208,1522326010298
1522326010298,1522326010437,1522326010437,1522326010526
1522326010526,1522326010667,1522326010667,1522326010756
1522326010756,1522326010892,1522326010892,1522326011011
1522326011011,1522326011160,1522326011160,1522326011249
1522326011249,1522326011392,1522326011392,1522326011480
1522326011480,1522326011618,1522326011618,1522326011708
1522326011708,1522326011852,1522326011852,1522326011940
1522326011940,1522326012077,1522326012077,1522326012167
1522326012167,1522326012318,1522326012318,1522326012407
1522326012407,1522326012549,1522326012549,1522326012637
1522326012637,1522326012776,1522326012776,1522326012866
1522326012866,1522326013008,1522326013008,1522326013096
1522326013096,1522326013238,1522326013238,1522326013326
1522326013326,1522326013465,1522326013465,1522326013554
1522326013554,1522326013693,1522326013693,1522326013782
1522326013783,1522326013920,1522326013920,1522326014008
1522326014009,1522326014149,1522326014149,1522326014238
1522326014238,1522326014379,1522326014379,1522326014468
1522326014468,1522326014639,1522326014639,1522326014727
1522326014728,1522326014866,1522326014866,1522326014954
1522326014954,1522326015096,1522326015096,1522326015192
1522326015192,1522326015333,1522326015333,1522326015516
1522326015517,1522326015657,1522326015658,1522326015746
1522326015746,1522326015887,1522326015887,1522326015976
1522326015976,1522326016116,1522326016116,1522326016204
1522326016204,1522326016343,1522326016343,1522326016431
1522326016431,1522326016567,1522326016567,1522326016656
1522326016656,1522326016801,1522326016801,1522326016890
1522326016890,1522326017038,1522326017038,1522326017127
1522326017127,1522326017268,1522326017268,1522326017462
1522326017462,1522326017603,1522326017603,1522326017769
1522326017769,1522326017910,1522326017910,1522326018009
1522326018009,1522326018150,1522326018150,1522326018239
1522326018239,1522326018380,1522326018380,1522326018468
1522326018468,1522326018610,1522326018610,1522326018698
1522326018699,1522326018840,1522326018840,1522326018933
1522326018933,1522326019075,1522326019075,1522326019166
1522326019166,1522326019310,1522326019311,1522326019399
1522326019399,1522326019538,1522326019538,1522326019631
1522326019631,1522326019771,1522326019771,1522326019859
1522326019859,1522326020000,1522326020000,1522326020088
1522326020088,1522326020229,1522326020229,1522326020318
1522326020318,1522326020458,1522326020458,1522326020548
1522326020548,1522326020689,1522326020689,1522326020777
1522326020777,1522326020918,1522326020918,1522326021006
1522326021006,1522326021150,1522326021150,1522326021239
1522326021239,1522326021378,1522326021378,1522326021466
1522326021466,1522326021606,1522326021606,1522326021695
1522326021695,1522326021831,1522326021831,1522326021920
1522326021920,1522326022061,1522326022061,1522326022150
1522326022150,1522326022293,1522326022293,1522326022381
1522326022382,1522326022522,1522326022522,1522326022610
1522326022610,1522326022750,1522326022750,1522326022839
1522326022839,1522326022980,1522326022980,1522326023068
1522326023068,1522326023210,1522326023210,1522326023298
1522326023298,1522326023443,1522326023443,1522326023532
1522326023532,1522326023668,1522326023668,1522326023759
1522326023759,1522326023903,1522326023903,1522326023994
1522326023994,1522326024134,1522326024134,1522326024222
1522326024223,1522326024364,1522326024364,1522326024453
1522326024453,1522326024593,1522326024593,1522326024682
1522326024682,1522326024823,1522326024823,1522326024912
1522326024912,1522326025054,1522326025054,1522326025143
1522326025143,1522326025285,1522326025285,1522326025374
1522326025374,1522326025512,1522326025512,1522326025603
1522326025603,1522326025751,1522326025751,1522326025839
1522326025839,1522326025980,1522326025980,1522326026069
1522326026069,1522326026210,1522326026210,1522326026298
1522326026298,1522326026440,1522326026440,1522326026528
1522326026528,1522326026669,1522326026669,1522326026758
1522326026758,1522326026899,1522326026899,1522326026988
1522326026988,1522326027128,1522326027128,1522326027228
1522326027228,1522326027364,1522326027364,1522326027452
1522326027453,1522326027593,1522326027593,1522326027682
1522326027682,1522326027822,1522326027822,1522326027910
1522326027910,1522326028051,1522326028051,1522326028139
1522326028139,1522326028280,1522326028280,1522326028369
1522326028369,1522326028506,1522326028506,1522326028594
1522326028594,1522326028735,1522326028735,1522326028823
1522326028823,1522326028967,1522326028967,1522326029055
1522326029055,1522326029196,1522326029196,1522326029284
1522326029284,1522326029424,1522326029424,1522326029512
1522326029512,1522326029655,1522326029655,1522326029757
1522326029757,1522326029898,1522326029898,1522326029986
1522326029986,1522326030127,1522326030127,1522326030216
1522326030216,1522326030357,1522326030357,1522326030448
1522326030448,1522326030591,1522326030591,1522326030679
1522326030679,1522326030820,1522326030820,1522326030909
1522326030909,1522326031052,1522326031052,1522326031140
1522326031140,1522326031283,1522326031283,1522326031375
1522326031375,1522326031517,1522326031517,1522326031605
1522326031605,1522326031747,1522326031747,1522326031838
1522326031838,1522326031978,1522326031978,1522326032069
1522326032069,1522326032210,1522326032210,1522326032299
1522326032299,1522326032436,1522326032436,1522326032526
1522326032527,1522326032668,1522326032668,1522326032757
1522326032757,1522326032894,1522326032894,1522326032982
1522326032982,1522326033118,1522326033118,1522326033207
1522326033207,1522326033342,1522326033342,1522326033431
1522326033431,1522326033573,1522326033573,1522326033662
1522326033662,1522326033834,1522326033834,1522326033951
1522326033951,1522326034279,1522326034280,1522326034423
1522326034423,1522326034657,1522326034657,1522326034745
1522326034745,1522326034888,1522326034888,1522326034980
1522326034980,1522326035122,1522326035122,1522326035211
1522326035211,1522326035352,1522326035352,1522326035440
1522326035440,1522326035584,1522326035584,1522326035693
1522326035693,1522326035834,1522326035834,1522326036011
1522326036011,1522326036174,1522326036174,1522326036304
1522326036304,1522326036454,1522326036454,1522326036611
1522326036611,1522326036751,1522326036751,1522326036918
1522326036918,1522326037058,1522326037058,1522326037225
1522326037225,1522326037367,1522326037367,1522326037455
1522326037455,1522326037596,1522326037596,1522326037687
1522326037687,1522326037828,1522326037828,1522326037916
1522326037916,1522326038062,1522326038062,1522326038150
1522326038150,1522326038287,1522326038287,1522326038375
1522326038375,1522326038510,1522326038510,1522326038600
1522326038600,1522326038744,1522326038745,1522326038834
1522326038834,1522326038981,1522326038981,1522326039070
1522326039070,1522326039210,1522326039210,1522326039298
1522326039298,1522326039439,1522326039439,1522326039527
1522326039527,1522326039668,1522326039668,1522326039756
1522326039756,1522326039899,1522326039899,1522326039989
1522326039989,1522326040130,1522326040130,1522326040218
1522326040218,1522326040355,1522326040355,1522326040445
1522326040445,1522326040591,1522326040591,1522326040679
1522326040679,1522326040823,1522326040823,1522326040911
1522326040911,1522326041053,1522326041053,1522326041141
1522326041141,1522326041281,1522326041281,1522326041369
1522326041369,1522326041511,1522326041511,1522326041599
1522326041599,1522326041739,1522326041739,1522326041828
1522326041828,1522326041975,1522326041975,1522326042065
1522326042065,1522326042217,1522326042217,1522326042311
1522326042311,1522326042450,1522326042450,1522326042538
1522326042538,1522326042678,1522326042678,1522326042766
1522326042766,1522326042911,1522326042911,1522326042999
1522326042999,1522326043139,1522326043139,1522326043228
1522326043228,1522326043385,1522326043385,1522326043474
1522326043474,1522326043614,1522326043614,1522326043703
1522326043703,1522326043844,1522326043844,1522326043932
1522326043932,1522326044076,1522326044076,1522326044164
1522326044164,1522326044304,1522326044304,1522326044393
1522326044393,1522326044536,1522326044536,1522326044624
1522326044624,1522326044764,1522326044764,1522326044852
1522326044852,1522326044992,1522326044992,1522326045080
1522326045081,1522326045221,1522326045221,1522326045311
1522326045311,1522326045456,1522326045456,1522326045544
1522326045544,1522326045680,1522326045680,1522326045768
1522326045768,1522326045910,1522326045910,1522326045998
1522326045998,1522326046140,1522326046140,1522326046228
1522326046228,1522326046368,1522326046368,1522326046457
1522326046457,1522326046599,1522326046599,1522326046687
1522326046687,1522326046830,1522326046830,1522326046918
1522326046918,1522326047063,1522326047063,1522326047151
1522326047151,1522326047293,1522326047293,1522326047381
1522326047381,1522326047523,1522326047523,1522326047613
1522326047613,1522326047756,1522326047756,1522326047844
1522326047844,1522326047985,1522326047985,1522326048073
1522326048073,1522326048214,1522326048214,1522326048302
1522326048302,1522326048445,1522326048445,1522326048533
1522326048533,1522326048674,1522326048674,1522326048762
1522326048762,1522326048903,1522326048903,1522326048990
1522326048990,1522326049132,1522326049132,1522326049220
1522326049220,1522326049360,1522326049360,1522326049448
1522326049448,1522326049591,1522326049591,1522326049683
1522326049683,1522326049829,1522326049829,1522326049922
1522326049922,1522326050062,1522326050062,1522326050150
1522326050150,1522326050291,1522326050291,1522326050379
1522326050379,1522326050521,1522326050521,1522326050609
1522326050609,1522326050749,1522326050750,1522326050837
1522326050837,1522326050978,1522326050978,1522326051067
1522326051067,1522326051213,1522326051213,1522326051301
1522326051301,1522326051444,1522326051444,1522326051531
1522326051531,1522326051678,1522326051678,1522326051768
1522326051768,1522326051909,1522326051909,1522326051997
1522326051997,1522326052138,1522326052138,1522326052226
1522326052226,1522326052368,1522326052368,1522326052483
1522326052483,1522326052625,1522326052625,1522326052790
1522326052790,1522326052931,1522326052931,1522326053097
1522326053097,1522326053246,1522326053246,1522326053404
1522326053405,1522326053545,1522326053545,1522326053712
1522326053712,1522326053853,1522326053853,1522326054019
1522326054019,1522326054160,1522326054161,1522326054326
1522326054326,1522326054469,1522326054469,1522326054635
1522326054635,1522326054777,1522326054777,1522326054940
1522326054940,1522326055082,1522326055082,1522326055248
1522326055248,1522326055387,1522326055387,1522326055555
1522326055555,1522326055698,1522326055698,1522326055862
1522326055862,1522326056006,1522326056006,1522326056169
1522326056169,1522326056312,1522326056312,1522326056477
1522326056477,1522326056618,1522326056618,1522326056784
1522326056784,1522326056926,1522326056926,1522326057091
