T1, T2, T3, T4
1522327214334,1522327214473,1522327214473,1522327214614
1522327214614,1522327214752,1522327214752,1522327214894
1522327214894,1522327215033,1522327215033,1522327215173
1522327215174,1522327215312,1522327215312,1522327215453
1522327215453,1522327215591,1522327215591,1522327215732
1522327215732,1522327215871,1522327215871,1522327216012
1522327216012,1522327216150,1522327216151,1522327216291
1522327216292,1522327216430,1522327216430,1522327216571
1522327216571,1522327216709,1522327216709,1522327216850
1522327216850,1522327216988,1522327216988,1522327217129
1522327217129,1522327217268,1522327217268,1522327217409
1522327217409,1522327217547,1522327217547,1522327217689
1522327217689,1522327217827,1522327217827,1522327217968
1522327217968,1522327218106,1522327218106,1522327218247
1522327218247,1522327218385,1522327218385,1522327218526
1522327218526,1522327218664,1522327218665,1522327218806
1522327218806,1522327218944,1522327218944,1522327219085
1522327219085,1522327219223,1522327219224,1522327219364
1522327219365,1522327219503,1522327219503,1522327219644
1522327219644,1522327219782,1522327219782,1522327219923
1522327219923,1522327220062,1522327220062,1522327220203
1522327220203,1522327220341,1522327220341,1522327220482
1522327220482,1522327220620,1522327220620,1522327220761
1522327220761,1522327220899,1522327220899,1522327221040
1522327221040,1522327221179,1522327221179,1522327221320
1522327221320,1522327221458,1522327221458,1522327221599
1522327221599,1522327221737,1522327221738,1522327221879
1522327221879,1522327222017,1522327222017,1522327222158
1522327222158,1522327222297,1522327222297,1522327222439
1522327222439,1522327222577,1522327222577,1522327222719
1522327222719,1522327222857,1522327222857,1522327222998
1522327222998,1522327223138,1522327223138,1522327223280
1522327223280,1522327223418,1522327223418,1522327223560
1522327223560,1522327223700,1522327223700,1522327223841
1522327223841,1522327223979,1522327223980,1522327224120
1522327224121,1522327224259,1522327224259,1522327224401
1522327224401,1522327224539,1522327224539,1522327224680
1522327224680,1522327224818,1522327224818,1522327224959
1522327224959,1522327225097,1522327225098,1522327225239
1522327225239,1522327225377,1522327225377,1522327225518
1522327225518,1522327225656,1522327225656,1522327225797
1522327225797,1522327225935,1522327225936,1522327226076
1522327226077,1522327226215,1522327226215,1522327226356
1522327226356,1522327226494,1522327226494,1522327226635
1522327226635,1522327226774,1522327226774,1522327226915
1522327226915,1522327227053,1522327227054,1522327227195
1522327227195,1522327227333,1522327227333,1522327227475
1522327227475,1522327227613,1522327227613,1522327227755
1522327227755,1522327227893,1522327227893,1522327228034
1522327228034,1522327228172,1522327228173,1522327228314
1522327228314,1522327228453,1522327228453,1522327228594
1522327228594,1522327228733,1522327228733,1522327228874
1522327228874,1522327229012,1522327229012,1522327229154
1522327229154,1522327229292,1522327229293,1522327229434
1522327229434,1522327229572,1522327229572,1522327229713
1522327229713,1522327229851,1522327229851,1522327229992
1522327229992,1522327230130,1522327230131,1522327230272
1522327230272,1522327230410,1522327230410,1522327230551
1522327230551,1522327230689,1522327230690,1522327230831
1522327230831,1522327230969,1522327230969,1522327231110
1522327231110,1522327231248,1522327231248,1522327231389
1522327231389,1522327231527,1522327231527,1522327231669
1522327231669,1522327231806,1522327231807,1522327231948
1522327231948,1522327232086,1522327232086,1522327232227
1522327232227,1522327232365,1522327232366,1522327232507
1522327232507,1522327232645,1522327232646,1522327232786
1522327232787,1522327232925,1522327232925,1522327233066
1522327233066,1522327233204,1522327233205,1522327233345
1522327233345,1522327233484,1522327233484,1522327233625
1522327233625,1522327233763,1522327233763,1522327233905
1522327233905,1522327234043,1522327234043,1522327234184
1522327234184,1522327234322,1522327234322,1522327234464
1522327234464,1522327234602,1522327234602,1522327234743
1522327234743,1522327234881,1522327234881,1522327235022
1522327235022,1522327235160,1522327235160,1522327235302
1522327235302,1522327235440,1522327235440,1522327235581
1522327235581,1522327235719,1522327235719,1522327235860
1522327235860,1522327235998,1522327235999,1522327236140
1522327236140,1522327236278,1522327236278,1522327236420
1522327236420,1522327236558,1522327236558,1522327236699
1522327236700,1522327236838,1522327236838,1522327236979
1522327236979,1522327237118,1522327237118,1522327237259
1522327237259,1522327237398,1522327237398,1522327237539
1522327237539,1522327237677,1522327237678,1522327237819
1522327237819,1522327237957,1522327237957,1522327238098
1522327238098,1522327238237,1522327238237,1522327238378
1522327238378,1522327238516,1522327238516,1522327238658
1522327238658,1522327238796,1522327238796,1522327238938
1522327238938,1522327239077,1522327239077,1522327239218
1522327239218,1522327239356,1522327239356,1522327239498
1522327239498,1522327239636,1522327239636,1522327239777
1522327239777,1522327239915,1522327239915,1522327240056
1522327240056,1522327240195,1522327240195,1522327240336
1522327240336,1522327240474,1522327240474,1522327240615
1522327240615,1522327240754,1522327240754,1522327240895
1522327240895,1522327241034,1522327241034,1522327241175
1522327241175,1522327241314,1522327241315,1522327241456
1522327241456,1522327241594,1522327241594,1522327241736
1522327241736,1522327241874,1522327241874,1522327242015
1522327242015,1522327242153,1522327242153,1522327242294
1522327242294,1522327242433,1522327242433,1522327242574
1522327242574,1522327242712,1522327242713,1522327242854
1522327242854,1522327242993,1522327242993,1522327243134
1522327243134,1522327243272,1522327243272,1522327243413
1522327243413,1522327243552,1522327243552,1522327243693
1522327243693,1522327243831,1522327243832,1522327243973
1522327243973,1522327244111,1522327244111,1522327244252
1522327244252,1522327244390,1522327244390,1522327244531
1522327244532,1522327244670,1522327244670,1522327244811
1522327244811,1522327244949,1522327244949,1522327245091
1522327245091,1522327245229,1522327245229,1522327245371
1522327245371,1522327245509,1522327245509,1522327245650
1522327245650,1522327245788,1522327245788,1522327245929
1522327245929,1522327246067,1522327246067,1522327246208
1522327246208,1522327246346,1522327246346,1522327246487
1522327246487,1522327246625,1522327246626,1522327246767
1522327246767,1522327246905,1522327246905,1522327247046
1522327247046,1522327247185,1522327247187,1522327247328
1522327247328,1522327247467,1522327247467,1522327247608
1522327247608,1522327247746,1522327247746,1522327247887
1522327247887,1522327248025,1522327248026,1522327248167
1522327248167,1522327248305,1522327248305,1522327248446
1522327248446,1522327248584,1522327248585,1522327248726
1522327248726,1522327248864,1522327248864,1522327249005
1522327249005,1522327249143,1522327249143,1522327249284
1522327249284,1522327249422,1522327249422,1522327249563
1522327249563,1522327249701,1522327249702,1522327249844
1522327249844,1522327249982,1522327249982,1522327250124
1522327250124,1522327250262,1522327250262,1522327250404
1522327250404,1522327250543,1522327250543,1522327250685
1522327250686,1522327250824,1522327250826,1522327250967
1522327250967,1522327251105,1522327251106,1522327251247
1522327251247,1522327251386,1522327251386,1522327251527
1522327251527,1522327251665,1522327251665,1522327251806
1522327251806,1522327251944,1522327251945,1522327252086
1522327252086,1522327252224,1522327252224,1522327252365
1522327252365,1522327252504,1522327252504,1522327252645
1522327252645,1522327252783,1522327252783,1522327252931
1522327252931,1522327253070,1522327253071,1522327253211
1522327253211,1522327253349,1522327253350,1522327253490
1522327253490,1522327253628,1522327253628,1522327253769
1522327253769,1522327253907,1522327253908,1522327254048
1522327254048,1522327254186,1522327254186,1522327254328
1522327254328,1522327254466,1522327254466,1522327254607
1522327254607,1522327254745,1522327254745,1522327254886
1522327254886,1522327255025,1522327255025,1522327255165
1522327255165,1522327255304,1522327255304,1522327255445
1522327255445,1522327255584,1522327255584,1522327255726
1522327255726,1522327255864,1522327255864,1522327256005
1522327256005,1522327256143,1522327256144,1522327256285
1522327256285,1522327256424,1522327256424,1522327256565
1522327256565,1522327256703,1522327256704,1522327256845
1522327256845,1522327256983,1522327256983,1522327257124
1522327257124,1522327257262,1522327257262,1522327257403
1522327257403,1522327257542,1522327257542,1522327257683
1522327257683,1522327257822,1522327257822,1522327257963
1522327257963,1522327258102,1522327258102,1522327258243
1522327258243,1522327258381,1522327258382,1522327258522
1522327258522,1522327258661,1522327258661,1522327258802
1522327258802,1522327258941,1522327258941,1522327259083
1522327259083,1522327259221,1522327259221,1522327259362
1522327259363,1522327259501,1522327259501,1522327259642
1522327259642,1522327259780,1522327259780,1522327259921
1522327259921,1522327260059,1522327260059,1522327260201
1522327260201,1522327260339,1522327260339,1522327260480
1522327260480,1522327260618,1522327260618,1522327260760
1522327260760,1522327260898,1522327260899,1522327261039
1522327261039,1522327261177,1522327261178,1522327261319
1522327261319,1522327261457,1522327261457,1522327261598
1522327261598,1522327261736,1522327261737,1522327261877
1522327261877,1522327262015,1522327262016,1522327262157
1522327262157,1522327262295,1522327262295,1522327262436
1522327262436,1522327262574,1522327262574,1522327262715
1522327262715,1522327262853,1522327262853,1522327262994
1522327262994,1522327263133,1522327263133,1522327263274
1522327263274,1522327263412,1522327263412,1522327263553
1522327263553,1522327263691,1522327263691,1522327263832
1522327263833,1522327263971,1522327263972,1522327264113
1522327264113,1522327264251,1522327264251,1522327264392
1522327264392,1522327264530,1522327264531,1522327264671
1522327264671,1522327264810,1522327264810,1522327264951
1522327264951,1522327265090,1522327265090,1522327265231
1522327265231,1522327265371,1522327265371,1522327265512
1522327265512,1522327265650,1522327265650,1522327265792
1522327265792,1522327265930,1522327265930,1522327266071
1522327266071,1522327266209,1522327266210,1522327266351
1522327266351,1522327266489,1522327266489,1522327266630
1522327266630,1522327266768,1522327266768,1522327266909
1522327266909,1522327267048,1522327267048,1522327267189
1522327267189,1522327267327,1522327267327,1522327267468
1522327267468,1522327267606,1522327267607,1522327267748
1522327267748,1522327267887,1522327267887,1522327268028
1522327268028,1522327268167,1522327268167,1522327268308
1522327268308,1522327268447,1522327268447,1522327268589
1522327268589,1522327268727,1522327268727,1522327268868
1522327268868,1522327269007,1522327269007,1522327269149
1522327269149,1522327269287,1522327269287,1522327269428
1522327269429,1522327269567,1522327269567,1522327269708
1522327269708,1522327269846,1522327269847,1522327269988
1522327269988,1522327270126,1522327270126,1522327270267
1522327270267,1522327270405,1522327270405,1522327270546
1522327270546,1522327270685,1522327270685,1522327270826
1522327270826,1522327270964,1522327270964,1522327271105
1522327271105,1522327271244,1522327271244,1522327271385
1522327271385,1522327271523,1522327271523,1522327271664
1522327271664,1522327271802,1522327271803,1522327271945
1522327271945,1522327272084,1522327272084,1522327272225
1522327272225,1522327272363,1522327272364,1522327272505
1522327272505,1522327272643,1522327272644,1522327272785
1522327272785,1522327272923,1522327272924,1522327273065
1522327273065,1522327273204,1522327273204,1522327273345
1522327273345,1522327273484,1522327273484,1522327273625
1522327273625,1522327273764,1522327273764,1522327273905
1522327273905,1522327274043,1522327274043,1522327274184
1522327274184,1522327274322,1522327274322,1522327274464
1522327274464,1522327274602,1522327274602,1522327274743
1522327274743,1522327274881,1522327274882,1522327275023
1522327275023,1522327275162,1522327275162,1522327275303
1522327275303,1522327275441,1522327275441,1522327275582
1522327275582,1522327275720,1522327275720,1522327275861
1522327275862,1522327276000,1522327276000,1522327276141
1522327276141,1522327276279,1522327276279,1522327276420
1522327276420,1522327276558,1522327276558,1522327276699
1522327276699,1522327276838,1522327276838,1522327276979
1522327276979,1522327277117,1522327277117,1522327277258
1522327277258,1522327277396,1522327277396,1522327277539
1522327277539,1522327277679,1522327277679,1522327277820
1522327277820,1522327277958,1522327277958,1522327278111
1522327278111,1522327278251,1522327278252,1522327278398
1522327278398,1522327278537,1522327278537,1522327278679
1522327278679,1522327278817,1522327278818,1522327278959
1522327278959,1522327279097,1522327279098,1522327279239
1522327279239,1522327279378,1522327279378,1522327279519
1522327279519,1522327279658,1522327279658,1522327279799
1522327279799,1522327279937,1522327279937,1522327280078
1522327280078,1522327280216,1522327280216,1522327280357
1522327280357,1522327280495,1522327280496,1522327280637
1522327280637,1522327280775,1522327280775,1522327280916
1522327280916,1522327281054,1522327281055,1522327281195
1522327281195,1522327281333,1522327281334,1522327281475
1522327281475,1522327281613,1522327281613,1522327281754
1522327281754,1522327281892,1522327281892,1522327282033
1522327282033,1522327282171,1522327282172,1522327282312
1522327282313,1522327282451,1522327282451,1522327282592
1522327282592,1522327282730,1522327282730,1522327282871
1522327282871,1522327283009,1522327283010,1522327283151
1522327283151,1522327283289,1522327283289,1522327283430
1522327283430,1522327283568,1522327283569,1522327283709
1522327283709,1522327283847,1522327283847,1522327283988
1522327283988,1522327284127,1522327284127,1522327284268
1522327284268,1522327284406,1522327284406,1522327284548
1522327284548,1522327284685,1522327284686,1522327284827
1522327284827,1522327284965,1522327284966,1522327285107
1522327285107,1522327285247,1522327285247,1522327285389
1522327285389,1522327285527,1522327285527,1522327285668
1522327285668,1522327285806,1522327285807,1522327285948
1522327285948,1522327286086,1522327286087,1522327286228
1522327286228,1522327286366,1522327286366,1522327286508
1522327286508,1522327286646,1522327286646,1522327286787
1522327286787,1522327286925,1522327286926,1522327287068
1522327287068,1522327287207,1522327287207,1522327287348
1522327287349,1522327287487,1522327287487,1522327287628
1522327287628,1522327287766,1522327287767,1522327287908
1522327287908,1522327288046,1522327288046,1522327288188
1522327288188,1522327288326,1522327288326,1522327288467
1522327288467,1522327288606,1522327288606,1522327288747
1522327288747,1522327288885,1522327288886,1522327289027
1522327289027,1522327289165,1522327289165,1522327289306
1522327289306,1522327289444,1522327289445,1522327289586
1522327289586,1522327289724,1522327289724,1522327289865
1522327289865,1522327290003,1522327290004,1522327290144
1522327290145,1522327290283,1522327290283,1522327290424
1522327290424,1522327290562,1522327290562,1522327290705
1522327290705,1522327290844,1522327290844,1522327290985
1522327290985,1522327291124,1522327291124,1522327291265
1522327291265,1522327291404,1522327291404,1522327291545
1522327291545,1522327291684,1522327291684,1522327291825
1522327291825,1522327291963,1522327291963,1522327292104
1522327292104,1522327292242,1522327292242,1522327292383
1522327292383,1522327292522,1522327292522,1522327292663
1522327292663,1522327292801,1522327292801,1522327292943
1522327292943,1522327293081,1522327293081,1522327293222
1522327293222,1522327293360,1522327293360,1522327293501
1522327293501,1522327293640,1522327293640,1522327293781
1522327293781,1522327293919,1522327293919,1522327294060
1522327294060,1522327294198,1522327294199,1522327294339
1522327294339,1522327294478,1522327294478,1522327294619
1522327294619,1522327294757,1522327294757,1522327294898
1522327294899,1522327295037,1522327295037,1522327295178
1522327295178,1522327295316,1522327295317,1522327295458
1522327295458,1522327295596,1522327295596,1522327295738
1522327295738,1522327295876,1522327295876,1522327296017
1522327296017,1522327296156,1522327296156,1522327296298
1522327296299,1522327296439,1522327296439,1522327296580
1522327296580,1522327296719,1522327296719,1522327296861
1522327296861,1522327296999,1522327296999,1522327297140
1522327297140,1522327297278,1522327297278,1522327297420
1522327297420,1522327297558,1522327297558,1522327297699
1522327297699,1522327297838,1522327297838,1522327297979
1522327297979,1522327298118,1522327298118,1522327298259
1522327298259,1522327298397,1522327298397,1522327298538
1522327298538,1522327298677,1522327298677,1522327298819
1522327298819,1522327298957,1522327298957,1522327299098
1522327299098,1522327299236,1522327299236,1522327299377
1522327299377,1522327299515,1522327299516,1522327299657
1522327299657,1522327299796,1522327299796,1522327299937
1522327299937,1522327300075,1522327300076,1522327300216
1522327300216,1522327300355,1522327300355,1522327300496
1522327300497,1522327300636,1522327300636,1522327300777
1522327300777,1522327300915,1522327300916,1522327301057
1522327301057,1522327301196,1522327301196,1522327301337
1522327301337,1522327301476,1522327301476,1522327301617
1522327301617,1522327301755,1522327301755,1522327301896
1522327301896,1522327302035,1522327302035,1522327302176
1522327302176,1522327302314,1522327302314,1522327302455
1522327302455,1522327302593,1522327302594,1522327302735
1522327302735,1522327302874,1522327302874,1522327303019
1522327303019,1522327303157,1522327303158,1522327303299
1522327303299,1522327303438,1522327303438,1522327303579
1522327303579,1522327303717,1522327303717,1522327303859
1522327303859,1522327303997,1522327303997,1522327304138
1522327304138,1522327304276,1522327304277,1522327304418
1522327304418,1522327304556,1522327304556,1522327304697
1522327304697,1522327304835,1522327304835,1522327304976
1522327304976,1522327305114,1522327305114,1522327305255
1522327305255,1522327305393,1522327305393,1522327305534
1522327305534,1522327305672,1522327305672,1522327305814
1522327305814,1522327305952,1522327305952,1522327306093
1522327306093,1522327306231,1522327306231,1522327306372
1522327306372,1522327306510,1522327306510,1522327306652
1522327306652,1522327306790,1522327306790,1522327306931
1522327306931,1522327307069,1522327307069,1522327307210
1522327307210,1522327307348,1522327307348,1522327307489
1522327307489,1522327307627,1522327307627,1522327307768
1522327307768,1522327307907,1522327307907,1522327308048
1522327308048,1522327308186,1522327308187,1522327308328
1522327308328,1522327308466,1522327308467,1522327308607
1522327308607,1522327308746,1522327308746,1522327308887
1522327308887,1522327309026,1522327309026,1522327309167
1522327309167,1522327309305,1522327309305,1522327309446
1522327309446,1522327309584,1522327309584,1522327309725
1522327309725,1522327309864,1522327309864,1522327310005
1522327310005,1522327310143,1522327310143,1522327310284
1522327310284,1522327310422,1522327310422,1522327310563
1522327310563,1522327310701,1522327310701,1522327310843
1522327310843,1522327310981,1522327310982,1522327311122
1522327311122,1522327311261,1522327311261,1522327311402
1522327311402,1522327311540,1522327311540,1522327311681
1522327311681,1522327311819,1522327311820,1522327311960
1522327311960,1522327312098,1522327312098,1522327312239
1522327312239,1522327312378,1522327312378,1522327312519
1522327312519,1522327312657,1522327312657,1522327312798
1522327312798,1522327312936,1522327312936,1522327313077
1522327313077,1522327313215,1522327313216,1522327313356
1522327313356,1522327313494,1522327313495,1522327313637
1522327313637,1522327313776,1522327313776,1522327313917
1522327313917,1522327314056,1522327314056,1522327314196
1522327314196,1522327314334,1522327314335,1522327314475
1522327314475,1522327314613,1522327314614,1522327314755
1522327314755,1522327314893,1522327314893,1522327315034
1522327315034,1522327315172,1522327315172,1522327315313
1522327315314,1522327315452,1522327315452,1522327315593
1522327315593,1522327315731,1522327315731,1522327315872
1522327315872,1522327316010,1522327316010,1522327316152
1522327316152,1522327316290,1522327316290,1522327316431
1522327316431,1522327316569,1522327316569,1522327316711
1522327316711,1522327316849,1522327316849,1522327316990
1522327316990,1522327317128,1522327317129,1522327317269
1522327317269,1522327317408,1522327317408,1522327317549
1522327317549,1522327317687,1522327317687,1522327317828
1522327317828,1522327317967,1522327317967,1522327318108
1522327318108,1522327318246,1522327318246,1522327318388
1522327318388,1522327318526,1522327318526,1522327318667
1522327318667,1522327318806,1522327318806,1522327318947
1522327318947,1522327319085,1522327319085,1522327319226
1522327319226,1522327319364,1522327319365,1522327319505
1522327319505,1522327319644,1522327319644,1522327319785
1522327319785,1522327319923,1522327319923,1522327320064
1522327320064,1522327320202,1522327320202,1522327320343
1522327320343,1522327320482,1522327320482,1522327320623
1522327320623,1522327320762,1522327320762,1522327320903
1522327320903,1522327321041,1522327321042,1522327321183
1522327321183,1522327321321,1522327321321,1522327321463
1522327321463,1522327321601,1522327321601,1522327321742
1522327321742,1522327321880,1522327321880,1522327322022
1522327322022,1522327322160,1522327322160,1522327322301
1522327322301,1522327322440,1522327322440,1522327322581
1522327322581,1522327322719,1522327322719,1522327322860
1522327322860,1522327322998,1522327322998,1522327323139
1522327323139,1522327323277,1522327323278,1522327323418
1522327323418,1522327323556,1522327323557,1522327323698
1522327323698,1522327323836,1522327323836,1522327323977
1522327323977,1522327324115,1522327324115,1522327324256
1522327324256,1522327324395,1522327324395,1522327324536
1522327324536,1522327324674,1522327324674,1522327324815
1522327324815,1522327324953,1522327324954,1522327325095
1522327325095,1522327325233,1522327325234,1522327325375
1522327325375,1522327325513,1522327325513,1522327325654
1522327325654,1522327325792,1522327325793,1522327325934
1522327325934,1522327326072,1522327326072,1522327326213
1522327326213,1522327326351,1522327326351,1522327326493
1522327326493,1522327326631,1522327326632,1522327326772
1522327326772,1522327326911,1522327326911,1522327327053
1522327327053,1522327327191,1522327327192,1522327327332
1522327327332,1522327327471,1522327327471,1522327327612
1522327327612,1522327327750,1522327327750,1522327327891
1522327327891,1522327328030,1522327328030,1522327328172
1522327328172,1522327328310,1522327328310,1522327328451
1522327328451,1522327328589,1522327328590,1522327328730
1522327328731,1522327328869,1522327328869,1522327329010
1522327329010,1522327329148,1522327329148,1522327329290
1522327329290,1522327329429,1522327329429,1522327329570
1522327329570,1522327329708,1522327329709,1522327329850
1522327329850,1522327329988,1522327329988,1522327330129
1522327330129,1522327330267,1522327330267,1522327330408
1522327330408,1522327330546,1522327330547,1522327330688
1522327330688,1522327330826,1522327330826,1522327330967
1522327330967,1522327331105,1522327331105,1522327331246
1522327331246,1522327331385,1522327331385,1522327331526
1522327331526,1522327331664,1522327331664,1522327331805
1522327331805,1522327331943,1522327331943,1522327332084
1522327332084,1522327332222,1522327332223,1522327332363
1522327332363,1522327332502,1522327332502,1522327332642
1522327332643,1522327332781,1522327332781,1522327332922
1522327332922,1522327333060,1522327333060,1522327333201
1522327333201,1522327333339,1522327333339,1522327333482
1522327333482,1522327333621,1522327333621,1522327333762
1522327333762,1522327333900,1522327333900,1522327334041
1522327334041,1522327334179,1522327334179,1522327334320
1522327334320,1522327334458,1522327334459,1522327334600
1522327334600,1522327334738,1522327334738,1522327334879
1522327334879,1522327335017,1522327335018,1522327335159
1522327335159,1522327335297,1522327335297,1522327335438
1522327335438,1522327335577,1522327335577,1522327335718
1522327335718,1522327335856,1522327335856,1522327335997
1522327335998,1522327336136,1522327336136,1522327336280
1522327336280,1522327336419,1522327336419,1522327337053
1522327337053,1522327337191,1522327337191,1522327337332
1522327337332,1522327337470,1522327337470,1522327337611
1522327337611,1522327337750,1522327337750,1522327337891
1522327337891,1522327338029,1522327338029,1522327338170
1522327338170,1522327338308,1522327338308,1522327338449
1522327338449,1522327338587,1522327338587,1522327338728
1522327338728,1522327338866,1522327338866,1522327339007
1522327339007,1522327339145,1522327339145,1522327339286
1522327339286,1522327339424,1522327339424,1522327339565
1522327339565,1522327339703,1522327339703,1522327339844
1522327339844,1522327339982,1522327339983,1522327340123
1522327340123,1522327340262,1522327340262,1522327340403
1522327340403,1522327340541,1522327340541,1522327340682
1522327340682,1522327340821,1522327340821,1522327340962
1522327340962,1522327341100,1522327341100,1522327341241
1522327341241,1522327341379,1522327341379,1522327341520
1522327341520,1522327341658,1522327341658,1522327341799
1522327341799,1522327341937,1522327341937,1522327342078
1522327342078,1522327342216,1522327342216,1522327342357
1522327342357,1522327342495,1522327342496,1522327342637
1522327342637,1522327342775,1522327342775,1522327342916
1522327342916,1522327343054,1522327343055,1522327343196
1522327343196,1522327343334,1522327343334,1522327343475
1522327343475,1522327343614,1522327343614,1522327343755
1522327343755,1522327343893,1522327343893,1522327344034
1522327344034,1522327344172,1522327344173,1522327344314
1522327344314,1522327344452,1522327344452,1522327344593
1522327344593,1522327344732,1522327344732,1522327344873
1522327344873,1522327345011,1522327345011,1522327345152
1522327345152,1522327345291,1522327345291,1522327345432
1522327345433,1522327345571,1522327345571,1522327345712
1522327345712,1522327345850,1522327345850,1522327345992
1522327345992,1522327346130,1522327346130,1522327346271
1522327346271,1522327346409,1522327346410,1522327346551
1522327346551,1522327346689,1522327346689,1522327346831
1522327346831,1522327346969,1522327346969,1522327347110
1522327347110,1522327347248,1522327347249,1522327347390
1522327347390,1522327347528,1522327347528,1522327347670
1522327347670,1522327347808,1522327347808,1522327347949
1522327347949,1522327348087,1522327348087,1522327348228
1522327348228,1522327348366,1522327348366,1522327348507
1522327348507,1522327348645,1522327348646,1522327348787
1522327348787,1522327348925,1522327348925,1522327349066
1522327349066,1522327349204,1522327349204,1522327349345
1522327349345,1522327349484,1522327349484,1522327349625
1522327349625,1522327349763,1522327349763,1522327349904
1522327349904,1522327350042,1522327350042,1522327350183
1522327350183,1522327350321,1522327350321,1522327350462
1522327350463,1522327350600,1522327350601,1522327350741
1522327350741,1522327350879,1522327350879,1522327351020
1522327351021,1522327351159,1522327351159,1522327351300
1522327351300,1522327351438,1522327351438,1522327351580
1522327351580,1522327351718,1522327351718,1522327351860
1522327351860,1522327351998,1522327351998,1522327352139
1522327352139,1522327352277,1522327352277,1522327352419
1522327352419,1522327352557,1522327352557,1522327352698
1522327352698,1522327352836,1522327352836,1522327352977
1522327352977,1522327353115,1522327353115,1522327353256
1522327353256,1522327353394,1522327353394,1522327353535
1522327353535,1522327353673,1522327353673,1522327353814
1522327353814,1522327353952,1522327353952,1522327354093
1522327354093,1522327354230,1522327354231,1522327354372
1522327354372,1522327354510,1522327354510,1522327354651
1522327354651,1522327354789,1522327354789,1522327354930
1522327354930,1522327355068,1522327355068,1522327355210
1522327355210,1522327355348,1522327355348,1522327355489
1522327355489,1522327355627,1522327355628,1522327355769
1522327355769,1522327355907,1522327355907,1522327356048
1522327356048,1522327356186,1522327356187,1522327356328
1522327356328,1522327356466,1522327356466,1522327356607
1522327356607,1522327356745,1522327356746,1522327356887
1522327356887,1522327357025,1522327357025,1522327357166
1522327357166,1522327357304,1522327357305,1522327357447
1522327357447,1522327357585,1522327357585,1522327357726
1522327357726,1522327357864,1522327357864,1522327358005
1522327358005,1522327358144,1522327358144,1522327358285
1522327358285,1522327358423,1522327358423,1522327358564
1522327358564,1522327358702,1522327358703,1522327358843
1522327358843,1522327358982,1522327358982,1522327359123
1522327359123,1522327359261,1522327359261,1522327359402
1522327359402,1522327359540,1522327359540,1522327359681
1522327359681,1522327359819,1522327359820,1522327359960
1522327359960,1522327360098,1522327360099,1522327360239
1522327360239,1522327360377,1522327360378,1522327360519
1522327360519,1522327360657,1522327360657,1522327360798
1522327360798,1522327360936,1522327360936,1522327361077
1522327361077,1522327361215,1522327361215,1522327361356
1522327361356,1522327361494,1522327361494,1522327361635
1522327361635,1522327361773,1522327361774,1522327361914
1522327361914,1522327362053,1522327362053,1522327362194
1522327362194,1522327362332,1522327362332,1522327362473
1522327362473,1522327362611,1522327362611,1522327362752
1522327362752,1522327362890,1522327362890,1522327363031
1522327363031,1522327363169,1522327363169,1522327363310
1522327363310,1522327363448,1522327363448,1522327363589
1522327363589,1522327363727,1522327363727,1522327363868
1522327363868,1522327364006,1522327364006,1522327364147
1522327364147,1522327364285,1522327364285,1522327364426
1522327364426,1522327364564,1522327364564,1522327364705
1522327364705,1522327364843,1522327364843,1522327364984
1522327364984,1522327365122,1522327365123,1522327365264
1522327365264,1522327365402,1522327365402,1522327365544
1522327365544,1522327365683,1522327365683,1522327365824
1522327365824,1522327365962,1522327365963,1522327366103
1522327366103,1522327366241,1522327366242,1522327366382
1522327366382,1522327366521,1522327366521,1522327366662
1522327366662,1522327366800,1522327366800,1522327366941
1522327366941,1522327367079,1522327367079,1522327367220
1522327367220,1522327367359,1522327367359,1522327367500
1522327367500,1522327367639,1522327367639,1522327367780
1522327367780,1522327367918,1522327367918,1522327368059
1522327368059,1522327368197,1522327368197,1522327368338
1522327368338,1522327368476,1522327368476,1522327368617
1522327368617,1522327368756,1522327368756,1522327368897
1522327368897,1522327369036,1522327369036,1522327369177
1522327369177,1522327369315,1522327369315,1522327369456
1522327369456,1522327369594,1522327369594,1522327369735
1522327369735,1522327369874,1522327369874,1522327370015
1522327370015,1522327370153,1522327370153,1522327370294
1522327370294,1522327370433,1522327370433,1522327370574
1522327370574,1522327370712,1522327370712,1522327370853
1522327370853,1522327370991,1522327370991,1522327371133
1522327371133,1522327371271,1522327371271,1522327371412
1522327371412,1522327371550,1522327371551,1522327371691
1522327371691,1522327371830,1522327371830,1522327371971
1522327371971,1522327372109,1522327372109,1522327372251
1522327372251,1522327372389,1522327372389,1522327372530
1522327372530,1522327372668,1522327372669,1522327372810
1522327372810,1522327372948,1522327372948,1522327373091
1522327373091,1522327373230,1522327373230,1522327373371
1522327373371,1522327373509,1522327373510,1522327373650
1522327373650,1522327373789,1522327373789,1522327373930
1522327373930,1522327374069,1522327374069,1522327374210
1522327374210,1522327374348,1522327374348,1522327374489
1522327374489,1522327374627,1522327374627,1522327374768
1522327374768,1522327374906,1522327374906,1522327375047
1522327375047,1522327375185,1522327375186,1522327375327
1522327375327,1522327375465,1522327375465,1522327375609
1522327375609,1522327375747,1522327375748,1522327375888
1522327375888,1522327376027,1522327376027,1522327376168
1522327376168,1522327376306,1522327376306,1522327376447
1522327376447,1522327376585,1522327376585,1522327376726
1522327376726,1522327376865,1522327376865,1522327377006
1522327377006,1522327377145,1522327377145,1522327377285
1522327377286,1522327377424,1522327377424,1522327377565
1522327377565,1522327377703,1522327377704,1522327377845
1522327377845,1522327377983,1522327377983,1522327378124
1522327378124,1522327378263,1522327378263,1522327378404
1522327378404,1522327378542,1522327378543,1522327378684
1522327378684,1522327378822,1522327378822,1522327378963
1522327378963,1522327379102,1522327379102,1522327379243
1522327379243,1522327379381,1522327379381,1522327379523
1522327379523,1522327379661,1522327379661,1522327379803
1522327379803,1522327379941,1522327379941,1522327380082
1522327380082,1522327380221,1522327380221,1522327380362
1522327380362,1522327380500,1522327380500,1522327380641
1522327380641,1522327380780,1522327380780,1522327380922
1522327380922,1522327381061,1522327381061,1522327381202
1522327381202,1522327381341,1522327381341,1522327381482
1522327381482,1522327381620,1522327381621,1522327381762
1522327381762,1522327381899,1522327381900,1522327382041
1522327382041,1522327382179,1522327382179,1522327382320
1522327382320,1522327382458,1522327382458,1522327382599
1522327382599,1522327382737,1522327382738,1522327382880
1522327382880,1522327383018,1522327383018,1522327383162
1522327383162,1522327383300,1522327383301,1522327383442
1522327383442,1522327383580,1522327383580,1522327383721
1522327383721,1522327383859,1522327383859,1522327384000
1522327384000,1522327384138,1522327384139,1522327384280
1522327384280,1522327384418,1522327384418,1522327384559
1522327384559,1522327384697,1522327384698,1522327384838
1522327384838,1522327384977,1522327384977,1522327385118
1522327385118,1522327385256,1522327385256,1522327385398
1522327385398,1522327385536,1522327385536,1522327385677
1522327385677,1522327385815,1522327385816,1522327385957
1522327385957,1522327386095,1522327386096,1522327386237
1522327386237,1522327386375,1522327386375,1522327386516
1522327386517,1522327386655,1522327386655,1522327386796
1522327386796,1522327386934,1522327386934,1522327387075
1522327387075,1522327387213,1522327387214,1522327387358
1522327387358,1522327387497,1522327387497,1522327387641
1522327387641,1522327387779,1522327387779,1522327387921
1522327387921,1522327388059,1522327388059,1522327388200
1522327388200,1522327388338,1522327388338,1522327388479
1522327388479,1522327388617,1522327388617,1522327388759
1522327388759,1522327388897,1522327388897,1522327389038
1522327389038,1522327389176,1522327389177,1522327389317
1522327389317,1522327389455,1522327389456,1522327389599
1522327389599,1522327389739,1522327389739,1522327389881
1522327389881,1522327390019,1522327390019,1522327390161
1522327390161,1522327390300,1522327390301,1522327390441
1522327390441,1522327390580,1522327390580,1522327390721
1522327390721,1522327390859,1522327390859,1522327391001
1522327391001,1522327391139,1522327391139,1522327391280
1522327391280,1522327391419,1522327391420,1522327391561
1522327391561,1522327391699,1522327391699,1522327391840
1522327391840,1522327391978,1522327391979,1522327392120
1522327392120,1522327392259,1522327392259,1522327392402
1522327392402,1522327392540,1522327392540,1522327392683
1522327392683,1522327392822,1522327392822,1522327392963
1522327392963,1522327393101,1522327393101,1522327393242
1522327393242,1522327393381,1522327393381,1522327393522
1522327393522,1522327393660,1522327393660,1522327393801
1522327393802,1522327393939,1522327393940,1522327394080
1522327394080,1522327394219,1522327394219,1522327394361
1522327394361,1522327394499,1522327394499,1522327394640
1522327394640,1522327394778,1522327394778,1522327394920
1522327394920,1522327395058,1522327395058,1522327395199
1522327395199,1522327395338,1522327395338,1522327395479
1522327395480,1522327395618,1522327395618,1522327395760
1522327395760,1522327395898,1522327395898,1522327396039
1522327396039,1522327396177,1522327396178,1522327396319
1522327396319,1522327396457,1522327396457,1522327396598
1522327396598,1522327396736,1522327396736,1522327396877
1522327396877,1522327397015,1522327397015,1522327397156
1522327397156,1522327397295,1522327397295,1522327397436
1522327397436,1522327397574,1522327397574,1522327397715
1522327397716,1522327397854,1522327397855,1522327397996
1522327397996,1522327398134,1522327398134,1522327398275
1522327398275,1522327398413,1522327398413,1522327398554
1522327398554,1522327398694,1522327398694,1522327398835
1522327398835,1522327398975,1522327398975,1522327399117
1522327399117,1522327399255,1522327399255,1522327399396
1522327399396,1522327399535,1522327399535,1522327399676
1522327399676,1522327399814,1522327399816,1522327399955
1522327399955,1522327400094,1522327400094,1522327400235
1522327400235,1522327400373,1522327400373,1522327400515
1522327400515,1522327400653,1522327400653,1522327400795
1522327400795,1522327400933,1522327400933,1522327401075
1522327401075,1522327401214,1522327401214,1522327401355
1522327401355,1522327401493,1522327401493,1522327401634
1522327401634,1522327401772,1522327401773,1522327401913
1522327401914,1522327402052,1522327402052,1522327402193
1522327402193,1522327402332,1522327402332,1522327402473
1522327402473,1522327402611,1522327402611,1522327402752
1522327402752,1522327402890,1522327402890,1522327403031
1522327403031,1522327403169,1522327403169,1522327403310
1522327403310,1522327403448,1522327403448,1522327403589
1522327403589,1522327403728,1522327403729,1522327403869
1522327403869,1522327404007,1522327404007,1522327404148
1522327404148,1522327404287,1522327404287,1522327404428
1522327404428,1522327404566,1522327404567,1522327404708
1522327404708,1522327404846,1522327404846,1522327404987
1522327404987,1522327405126,1522327405126,1522327405267
1522327405267,1522327405405,1522327405405,1522327405546
1522327405546,1522327405684,1522327405684,1522327405825
1522327405825,1522327405963,1522327405964,1522327406105
1522327406105,1522327406243,1522327406243,1522327406384
1522327406384,1522327406523,1522327406523,1522327406663
1522327406664,1522327406801,1522327406802,1522327406942
1522327406942,1522327407081,1522327407081,1522327407222
1522327407222,1522327407360,1522327407360,1522327407502
1522327407502,1522327407640,1522327407640,1522327407781
1522327407781,1522327407920,1522327407921,1522327408061
1522327408061,1522327408200,1522327408200,1522327408341
1522327408341,1522327408479,1522327408479,1522327408621
1522327408621,1522327408760,1522327408760,1522327408900
1522327408900,1522327409038,1522327409039,1522327409180
1522327409180,1522327409317,1522327409318,1522327409458
1522327409458,1522327409597,1522327409597,1522327409738
1522327409738,1522327409876,1522327409876,1522327410017
1522327410017,1522327410156,1522327410156,1522327410297
1522327410297,1522327410436,1522327410436,1522327410577
1522327410577,1522327410715,1522327410716,1522327410857
1522327410857,1522327410995,1522327410995,1522327411136
1522327411136,1522327411275,1522327411275,1522327411416
1522327411416,1522327411555,1522327411555,1522327411697
1522327411697,1522327411835,1522327411835,1522327411976
1522327411976,1522327412114,1522327412114,1522327412255
1522327412255,1522327412393,1522327412393,1522327412534
1522327412534,1522327412672,1522327412672,1522327412813
1522327412813,1522327412951,1522327412951,1522327413092
1522327413093,1522327413230,1522327413231,1522327413371
1522327413371,1522327413510,1522327413510,1522327413651
1522327413651,1522327413789,1522327413789,1522327413930
1522327413930,1522327414068,1522327414068,1522327414209
1522327414209,1522327414347,1522327414347,1522327414489
1522327414489,1522327414627,1522327414627,1522327414768
1522327414768,1522327414906,1522327414906,1522327415049
1522327415049,1522327415189,1522327415189,1522327415331
1522327415331,1522327415469,1522327415469,1522327415611
1522327415611,1522327415749,1522327415750,1522327415891
1522327415891,1522327416029,1522327416029,1522327416170
1522327416170,1522327416309,1522327416309,1522327416450
1522327416450,1522327416588,1522327416588,1522327416729
1522327416730,1522327416868,1522327416868,1522327417009
1522327417009,1522327417147,1522327417147,1522327417289
1522327417289,1522327417427,1522327417427,1522327417569
1522327417569,1522327417707,1522327417707,1522327417848
1522327417848,1522327417986,1522327417986,1522327418127
1522327418127,1522327418265,1522327418266,1522327418407
1522327418407,1522327418545,1522327418545,1522327418686
1522327418686,1522327418824,1522327418824,1522327418966
1522327418966,1522327419104,1522327419104,1522327419245
1522327419245,1522327419383,1522327419383,1522327419525
1522327419525,1522327419663,1522327419663,1522327419804
1522327419804,1522327419942,1522327419943,1522327420083
1522327420084,1522327420222,1522327420222,1522327420364
1522327420364,1522327420503,1522327420503,1522327420645
1522327420645,1522327420783,1522327420783,1522327420925
1522327420925,1522327421063,1522327421063,1522327421205
1522327421205,1522327421344,1522327421344,1522327421485
1522327421485,1522327421623,1522327421623,1522327421764
1522327421765,1522327421903,1522327421903,1522327422043
1522327422044,1522327422182,1522327422182,1522327422323
1522327422323,1522327422461,1522327422462,1522327422603
1522327422603,1522327422741,1522327422741,1522327422882
1522327422882,1522327423020,1522327423020,1522327423161
1522327423161,1522327423299,1522327423299,1522327423441
1522327423441,1522327423579,1522327423579,1522327423720
1522327423721,1522327423858,1522327423859,1522327423999
1522327423999,1522327424138,1522327424138,1522327424279
1522327424279,1522327424417,1522327424417,1522327424558
1522327424558,1522327424696,1522327424696,1522327424837
1522327424837,1522327424976,1522327424976,1522327425117
1522327425117,1522327425255,1522327425255,1522327425397
1522327425397,1522327425535,1522327425535,1522327425676
1522327425676,1522327425814,1522327425815,1522327425957
1522327425957,1522327426095,1522327426096,1522327426237
1522327426237,1522327426375,1522327426375,1522327426516
1522327426516,1522327426654,1522327426655,1522327426796
1522327426796,1522327426934,1522327426934,1522327427075
1522327427075,1522327427214,1522327427214,1522327427355
1522327427355,1522327427493,1522327427493,1522327427635
1522327427635,1522327427773,1522327427774,1522327427915
1522327427915,1522327428053,1522327428053,1522327428194
1522327428194,1522327428332,1522327428333,1522327428474
1522327428474,1522327428613,1522327428613,1522327428754
1522327428754,1522327428893,1522327428893,1522327429034
1522327429034,1522327429172,1522327429173,1522327429314
1522327429314,1522327429452,1522327429452,1522327429593
1522327429593,1522327429731,1522327429731,1522327429872
1522327429872,1522327430011,1522327430011,1522327430152
1522327430152,1522327430291,1522327430291,1522327430432
1522327430432,1522327430570,1522327430570,1522327430711
1522327430711,1522327430849,1522327430849,1522327430991
1522327430991,1522327431129,1522327431129,1522327431270
1522327431270,1522327431408,1522327431409,1522327431550
1522327431550,1522327431688,1522327431688,1522327431830
1522327431830,1522327431968,1522327431968,1522327432110
1522327432110,1522327432248,1522327432248,1522327432390
1522327432390,1522327432528,1522327432528,1522327432669
1522327432669,1522327432807,1522327432807,1522327432949
1522327432949,1522327433087,1522327433087,1522327433228
1522327433228,1522327433366,1522327433366,1522327433507
1522327433507,1522327433645,1522327433645,1522327433787
1522327433787,1522327433925,1522327433925,1522327434066
1522327434066,1522327434204,1522327434204,1522327434345
1522327434345,1522327434483,1522327434484,1522327434625
1522327434625,1522327434763,1522327434763,1522327434904
1522327434904,1522327435042,1522327435043,1522327435183
1522327435183,1522327435321,1522327435322,1522327435462
1522327435462,1522327435601,1522327435601,1522327435742
1522327435742,1522327435880,1522327435880,1522327436021
1522327436021,1522327436160,1522327436161,1522327436302
1522327436302,1522327436440,1522327436440,1522327436581
1522327436581,1522327436719,1522327436720,1522327436863
1522327436863,1522327437002,1522327437003,1522327437151
1522327437151,1522327437289,1522327437290,1522327437442
1522327437442,1522327437581,1522327437581,1522327437722
1522327437722,1522327437860,1522327437860,1522327438001
1522327438001,1522327438139,1522327438140,1522327438281
1522327438281,1522327438419,1522327438419,1522327438562
1522327438562,1522327438700,1522327438700,1522327438841
1522327438841,1522327438980,1522327438980,1522327439122
1522327439122,1522327439260,1522327439260,1522327439401
1522327439401,1522327439539,1522327439539,1522327439680
1522327439680,1522327439819,1522327439819,1522327439960
1522327439960,1522327440098,1522327440098,1522327440239
1522327440239,1522327440377,1522327440377,1522327440518
1522327440518,1522327440656,1522327440656,1522327440797
1522327440797,1522327440935,1522327440936,1522327441077
1522327441077,1522327441215,1522327441215,1522327441356
1522327441356,1522327441495,1522327441495,1522327441636
1522327441636,1522327441775,1522327441775,1522327441917
1522327441917,1522327442055,1522327442056,1522327442197
1522327442197,1522327442336,1522327442336,1522327442477
1522327442477,1522327442615,1522327442615,1522327442756
1522327442756,1522327442894,1522327442894,1522327443035
1522327443035,1522327443173,1522327443173,1522327443314
1522327443314,1522327443452,1522327443452,1522327443594
1522327443594,1522327443733,1522327443733,1522327443874
1522327443874,1522327444012,1522327444012,1522327444153
1522327444153,1522327444292,1522327444292,1522327444433
1522327444433,1522327444572,1522327444572,1522327444713
1522327444713,1522327444851,1522327444851,1522327444992
1522327444992,1522327445131,1522327445131,1522327445272
1522327445272,1522327445410,1522327445410,1522327445552
1522327445552,1522327445691,1522327445691,1522327445832
1522327445832,1522327445970,1522327445971,1522327446112
1522327446112,1522327446251,1522327446251,1522327446392
1522327446392,1522327446530,1522327446531,1522327446672
1522327446672,1522327446811,1522327446811,1522327446952
1522327446952,1522327447090,1522327447090,1522327447231
1522327447231,1522327447369,1522327447369,1522327447510
1522327447510,1522327447648,1522327447649,1522327447790
1522327447790,1522327447928,1522327447929,1522327448070
1522327448070,1522327448208,1522327448208,1522327448349
1522327448349,1522327448487,1522327448488,1522327448628
1522327448628,1522327448767,1522327448767,1522327448908
1522327448908,1522327449047,1522327449047,1522327449188
1522327449188,1522327449327,1522327449327,1522327449467
1522327449467,1522327449606,1522327449606,1522327449747
1522327449747,1522327449885,1522327449886,1522327450027
1522327450027,1522327450167,1522327450167,1522327450309
1522327450309,1522327450448,1522327450448,1522327450589
1522327450589,1522327450727,1522327450727,1522327450868
1522327450868,1522327451006,1522327451006,1522327451147
1522327451147,1522327451285,1522327451285,1522327451426
1522327451426,1522327451564,1522327451564,1522327451705
1522327451705,1522327451844,1522327451844,1522327451984
1522327451985,1522327452123,1522327452124,1522327452264
1522327452264,1522327452403,1522327452403,1522327452544
1522327452544,1522327452682,1522327452682,1522327452823
1522327452823,1522327452962,1522327452962,1522327453103
1522327453103,1522327453241,1522327453241,1522327453382
1522327453382,1522327453521,1522327453521,1522327453662
1522327453662,1522327453800,1522327453800,1522327453941
1522327453941,1522327454079,1522327454079,1522327454220
1522327454220,1522327454358,1522327454358,1522327454499
1522327454499,1522327454638,1522327454638,1522327454779
1522327454779,1522327454917,1522327454917,1522327455058
1522327455058,1522327455196,1522327455196,1522327455337
1522327455337,1522327455476,1522327455476,1522327455617
1522327455617,1522327455756,1522327455756,1522327455897
1522327455897,1522327456035,1522327456035,1522327456176
1522327456176,1522327456314,1522327456314,1522327456455
1522327456455,1522327456593,1522327456594,1522327456734
1522327456734,1522327456872,1522327456873,1522327457013
1522327457013,1522327457152,1522327457152,1522327457295
1522327457295,1522327457434,1522327457434,1522327457575
1522327457575,1522327457713,1522327457713,1522327457854
1522327457854,1522327457993,1522327457993,1522327458133
1522327458134,1522327458272,1522327458272,1522327458413
1522327458413,1522327458551,1522327458551,1522327458692
1522327458692,1522327458830,1522327458830,1522327458971
1522327458971,1522327459109,1522327459109,1522327459250
1522327459250,1522327459388,1522327459388,1522327459529
1522327459529,1522327459667,1522327459668,1522327459808
1522327459808,1522327459947,1522327459947,1522327460088
1522327460088,1522327460226,1522327460226,1522327460368
1522327460368,1522327460506,1522327460506,1522327460647
1522327460647,1522327460785,1522327460785,1522327460926
1522327460926,1522327461064,1522327461064,1522327461205
1522327461205,1522327461344,1522327461344,1522327461485
1522327461485,1522327461623,1522327461623,1522327461764
1522327461764,1522327461903,1522327461903,1522327462045
1522327462045,1522327462183,1522327462183,1522327462324
1522327462324,1522327462462,1522327462462,1522327462605
1522327462605,1522327462744,1522327462744,1522327462884
1522327462885,1522327463023,1522327463023,1522327463166
1522327463166,1522327463305,1522327463305,1522327463446
1522327463446,1522327463586,1522327463586,1522327463727
1522327463727,1522327463866,1522327463866,1522327464007
1522327464007,1522327464145,1522327464145,1522327464291
1522327464291,1522327464430,1522327464430,1522327464580
1522327464580,1522327464719,1522327464719,1522327464860
1522327464860,1522327464999,1522327464999,1522327465140
1522327465140,1522327465279,1522327465279,1522327465420
1522327465420,1522327465558,1522327465558,1522327465701
1522327465701,1522327465839,1522327465840,1522327465982
1522327465982,1522327466120,1522327466120,1522327466261
1522327466261,1522327466399,1522327466399,1522327466540
1522327466540,1522327466678,1522327466678,1522327466820
1522327466820,1522327466959,1522327466960,1522327467100
1522327467100,1522327467239,1522327467239,1522327467381
1522327467381,1522327467519,1522327467519,1522327467661
1522327467661,1522327467800,1522327467800,1522327467945
1522327467945,1522327468085,1522327468085,1522327468236
1522327468237,1522327468376,1522327468376,1522327468526
1522327468527,1522327468665,1522327468665,1522327468807
1522327468807,1522327468945,1522327468945,1522327469086
1522327469086,1522327469224,1522327469224,1522327469366
1522327469366,1522327469504,1522327469505,1522327469649
1522327469649,1522327469788,1522327469788,1522327469935
1522327469935,1522327470074,1522327470074,1522327470216
1522327470216,1522327470354,1522327470354,1522327470495
1522327470495,1522327470633,1522327470633,1522327470774
1522327470774,1522327470912,1522327470912,1522327471052
1522327471053,1522327471190,1522327471191,1522327471331
1522327471331,1522327471469,1522327471470,1522327471611
1522327471611,1522327471749,1522327471749,1522327471890
1522327471890,1522327472028,1522327472028,1522327472169
1522327472169,1522327472307,1522327472307,1522327472448
1522327472448,1522327472586,1522327472586,1522327472727
1522327472727,1522327472865,1522327472865,1522327473006
1522327473007,1522327473145,1522327473145,1522327473286
1522327473286,1522327473424,1522327473424,1522327473565
1522327473565,1522327473703,1522327473703,1522327473844
1522327473844,1522327473982,1522327473982,1522327474123
1522327474123,1522327474262,1522327474262,1522327474403
1522327474403,1522327474541,1522327474541,1522327474682
1522327474683,1522327474821,1522327474821,1522327474962
1522327474962,1522327475100,1522327475100,1522327475241
1522327475241,1522327475379,1522327475380,1522327475521
1522327475521,1522327475660,1522327475660,1522327475801
1522327475801,1522327475939,1522327475939,1522327476080
1522327476081,1522327476219,1522327476219,1522327476360
1522327476360,1522327476498,1522327476499,1522327476640
1522327476640,1522327476778,1522327476778,1522327476919
1522327476919,1522327477057,1522327477057,1522327477198
1522327477198,1522327477336,1522327477336,1522327477478
1522327477478,1522327477616,1522327477616,1522327477757
1522327477757,1522327477895,1522327477895,1522327478036
1522327478036,1522327478174,1522327478174,1522327478316
1522327478316,1522327478454,1522327478454,1522327478595
1522327478595,1522327478734,1522327478734,1522327478875
1522327478875,1522327479013,1522327479013,1522327479154
1522327479154,1522327479292,1522327479293,1522327479434
1522327479434,1522327479572,1522327479572,1522327479713
1522327479713,1522327479851,1522327479852,1522327479992
1522327479993,1522327480131,1522327480131,1522327480272
1522327480272,1522327480410,1522327480411,1522327480552
1522327480552,1522327480690,1522327480690,1522327480831
1522327480831,1522327480970,1522327480970,1522327481111
1522327481111,1522327481249,1522327481249,1522327481390
1522327481390,1522327481528,1522327481528,1522327481670
1522327481670,1522327481808,1522327481808,1522327481949
1522327481949,1522327482087,1522327482087,1522327482228
1522327482228,1522327482366,1522327482367,1522327482507
1522327482508,1522327482646,1522327482646,1522327482787
1522327482787,1522327482925,1522327482925,1522327483066
1522327483066,1522327483204,1522327483204,1522327483345
1522327483345,1522327483483,1522327483484,1522327483625
1522327483625,1522327483763,1522327483763,1522327483906
1522327483906,1522327484044,1522327484044,1522327484185
1522327484186,1522327484324,1522327484325,1522327484466
1522327484466,1522327484604,1522327484604,1522327484748
1522327484748,1522327484887,1522327484887,1522327485028
1522327485028,1522327485167,1522327485167,1522327485308
1522327485308,1522327485446,1522327485446,1522327485587
1522327485587,1522327485725,1522327485725,1522327485867
1522327485867,1522327486005,1522327486005,1522327486146
1522327486146,1522327486284,1522327486284,1522327486425
1522327486426,1522327486564,1522327486564,1522327486705
1522327486705,1522327486843,1522327486843,1522327486984
1522327486984,1522327487122,1522327487122,1522327487263
1522327487263,1522327487401,1522327487402,1522327487543
1522327487543,1522327487681,1522327487681,1522327487822
1522327487822,1522327487961,1522327487961,1522327488102
1522327488102,1522327488240,1522327488240,1522327488381
1522327488381,1522327488519,1522327488520,1522327488660
1522327488661,1522327488799,1522327488799,1522327488940
1522327488940,1522327489078,1522327489078,1522327489219
1522327489219,1522327489357,1522327489358,1522327489499
1522327489499,1522327489637,1522327489637,1522327489778
1522327489778,1522327489916,1522327489916,1522327490057
1522327490057,1522327490195,1522327490195,1522327490336
1522327490336,1522327490474,1522327490474,1522327490617
1522327490617,1522327490756,1522327490756,1522327490897
1522327490897,1522327491036,1522327491036,1522327491177
1522327491177,1522327491315,1522327491315,1522327491456
1522327491456,1522327491594,1522327491594,1522327491735
1522327491735,1522327491874,1522327491874,1522327492015
1522327492015,1522327492153,1522327492153,1522327492295
1522327492295,1522327492434,1522327492434,1522327492577
1522327492577,1522327492716,1522327492716,1522327492861
1522327492861,1522327492999,1522327492999,1522327493142
1522327493142,1522327493281,1522327493281,1522327493423
1522327493423,1522327493562,1522327493562,1522327493704
1522327493704,1522327493843,1522327493843,1522327493984
1522327493984,1522327494122,1522327494122,1522327494263
1522327494263,1522327494401,1522327494401,1522327494543
