T1,T2,T3,T4
1522327776898,1522327777037,1522327777037,1522327777178
1522327777179,1522327777317,1522327777317,1522327777458
1522327777458,1522327777596,1522327777596,1522327777737
1522327777737,1522327777876,1522327777876,1522327778017
1522327778017,1522327778155,1522327778156,1522327778297
1522327778298,1522327778436,1522327778436,1522327778577
1522327778577,1522327778715,1522327778715,1522327778857
1522327778857,1522327778995,1522327778995,1522327779136
1522327779136,1522327779275,1522327779275,1522327779421
1522327779422,1522327779560,1522327779560,1522327779702
1522327779702,1522327779840,1522327779840,1522327779981
1522327779981,1522327780120,1522327780120,1522327780261
1522327780261,1522327780400,1522327780401,1522327780542
1522327780542,1522327780680,1522327780681,1522327780822
1522327780822,1522327780961,1522327780961,1522327781104
1522327781104,1522327781243,1522327781243,1522327781384
1522327781384,1522327781524,1522327781525,1522327781667
1522327781667,1522327781805,1522327781806,1522327781947
1522327781947,1522327782086,1522327782086,1522327782227
1522327782227,1522327782365,1522327782365,1522327782507
1522327782507,1522327782645,1522327782645,1522327782786
1522327782787,1522327782925,1522327782925,1522327783067
1522327783067,1522327783205,1522327783206,1522327783347
1522327783347,1522327783485,1522327783485,1522327783627
1522327783627,1522327783765,1522327783765,1522327783907
1522327783907,1522327784046,1522327784046,1522327784187
1522327784187,1522327784326,1522327784326,1522327784467
1522327784467,1522327784605,1522327784605,1522327784746
1522327784746,1522327784885,1522327784885,1522327785026
1522327785026,1522327785165,1522327785165,1522327785337
1522327785337,1522327785476,1522327785476,1522327785617
1522327785617,1522327785756,1522327785757,1522327785898
1522327785898,1522327786036,1522327786036,1522327786182
1522327786182,1522327786321,1522327786321,1522327786462
1522327786462,1522327786601,1522327786601,1522327786744
1522327786744,1522327786883,1522327786883,1522327787024
1522327787024,1522327787163,1522327787163,1522327787305
1522327787305,1522327787443,1522327787443,1522327787585
1522327787585,1522327787723,1522327787723,1522327787866
1522327787866,1522327788005,1522327788005,1522327788147
1522327788147,1522327788285,1522327788285,1522327788426
1522327788426,1522327788565,1522327788565,1522327788706
1522327788706,1522327788844,1522327788844,1522327788986
1522327788986,1522327789124,1522327789125,1522327789266
1522327789266,1522327789404,1522327789405,1522327789546
1522327789546,1522327789685,1522327789685,1522327789826
1522327789826,1522327789964,1522327789964,1522327790107
1522327790107,1522327790246,1522327790246,1522327790394
1522327790394,1522327790534,1522327790534,1522327790677
1522327790677,1522327790816,1522327790816,1522327790957
1522327790957,1522327791096,1522327791096,1522327791237
1522327791237,1522327791375,1522327791376,1522327791517
1522327791517,1522327791655,1522327791656,1522327791796
1522327791796,1522327791935,1522327791935,1522327792076
1522327792076,1522327792214,1522327792214,1522327792355
1522327792355,1522327792494,1522327792494,1522327792636
1522327792636,1522327792774,1522327792774,1522327792915
1522327792915,1522327793054,1522327793054,1522327793195
1522327793195,1522327793334,1522327793334,1522327793475
1522327793475,1522327793613,1522327793613,1522327793759
1522327793759,1522327793898,1522327793898,1522327794042
1522327794042,1522327794181,1522327794181,1522327794322
1522327794322,1522327794461,1522327794461,1522327794602
1522327794602,1522327794740,1522327794740,1522327794882
1522327794882,1522327795020,1522327795021,1522327795162
1522327795162,1522327795300,1522327795300,1522327795442
1522327795442,1522327795580,1522327795580,1522327795721
1522327795722,1522327795860,1522327795860,1522327796002
1522327796002,1522327796140,1522327796140,1522327796281
1522327796281,1522327796421,1522327796421,1522327796563
1522327796563,1522327796702,1522327796702,1522327796843
1522327796843,1522327796982,1522327796982,1522327797123
1522327797123,1522327797261,1522327797262,1522327797403
1522327797403,1522327797541,1522327797541,1522327797682
1522327797682,1522327797820,1522327797821,1522327797962
1522327797962,1522327798100,1522327798101,1522327798243
1522327798243,1522327798381,1522327798382,1522327798523
1522327798523,1522327798661,1522327798661,1522327798802
1522327798802,1522327798941,1522327798941,1522327799082
1522327799082,1522327799220,1522327799220,1522327799361
1522327799361,1522327799500,1522327799500,1522327799641
1522327799641,1522327799780,1522327799780,1522327799921
1522327799921,1522327800060,1522327800060,1522327800201
1522327800201,1522327800339,1522327800339,1522327800481
1522327800481,1522327800619,1522327800619,1522327800761
1522327800761,1522327800900,1522327800900,1522327801042
1522327801042,1522327801181,1522327801181,1522327801323
1522327801323,1522327801462,1522327801462,1522327801611
1522327801611,1522327801751,1522327801751,1522327801892
1522327801892,1522327802031,1522327802031,1522327802173
1522327802174,1522327802312,1522327802312,1522327802454
1522327802454,1522327802594,1522327802594,1522327802736
1522327802736,1522327802875,1522327802875,1522327803017
1522327803017,1522327803155,1522327803156,1522327803299
1522327803299,1522327803438,1522327803438,1522327803579
1522327803579,1522327803718,1522327803718,1522327803859
1522327803859,1522327803998,1522327803998,1522327804139
1522327804139,1522327804277,1522327804278,1522327804419
1522327804419,1522327804557,1522327804557,1522327804698
1522327804698,1522327804837,1522327804837,1522327804978
1522327804978,1522327805117,1522327805117,1522327805258
1522327805258,1522327805396,1522327805396,1522327805537
1522327805537,1522327805675,1522327805676,1522327805817
1522327805817,1522327805957,1522327805957,1522327806098
1522327806098,1522327806238,1522327806238,1522327806379
1522327806379,1522327806517,1522327806517,1522327806659
1522327806659,1522327806798,1522327806798,1522327806939
1522327806939,1522327807078,1522327807078,1522327807219
1522327807219,1522327807358,1522327807358,1522327807499
1522327807499,1522327807637,1522327807638,1522327807779
1522327807779,1522327807917,1522327807917,1522327808058
1522327808058,1522327808197,1522327808197,1522327808338
1522327808338,1522327808476,1522327808476,1522327808618
1522327808618,1522327808756,1522327808756,1522327808897
1522327808897,1522327809036,1522327809036,1522327809177
1522327809177,1522327809316,1522327809316,1522327809457
1522327809457,1522327809596,1522327809596,1522327809737
1522327809737,1522327809875,1522327809876,1522327810017
1522327810017,1522327810156,1522327810156,1522327810297
1522327810297,1522327810436,1522327810436,1522327810577
1522327810577,1522327810715,1522327810716,1522327810863
1522327810863,1522327811003,1522327811003,1522327811145
1522327811145,1522327811283,1522327811283,1522327811425
1522327811425,1522327811564,1522327811564,1522327811705
1522327811705,1522327811844,1522327811844,1522327811987
1522327811987,1522327812125,1522327812125,1522327812276
1522327812276,1522327812416,1522327812416,1522327812561
1522327812561,1522327812700,1522327812700,1522327812844
1522327812844,1522327812983,1522327812983,1522327813124
1522327813124,1522327813263,1522327813263,1522327813404
1522327813404,1522327813542,1522327813542,1522327813683
1522327813683,1522327813822,1522327813822,1522327813964
1522327813964,1522327814103,1522327814103,1522327814244
1522327814244,1522327814383,1522327814383,1522327814524
1522327814524,1522327814662,1522327814663,1522327814804
1522327814804,1522327814943,1522327814943,1522327815085
1522327815085,1522327815226,1522327815227,1522327815370
1522327815370,1522327815510,1522327815510,1522327815651
1522327815651,1522327815789,1522327815790,1522327815931
1522327815931,1522327816069,1522327816069,1522327816217
1522327816217,1522327816356,1522327816356,1522327816497
1522327816497,1522327816636,1522327816636,1522327816777
1522327816777,1522327816916,1522327816916,1522327817057
1522327817057,1522327817196,1522327817196,1522327817337
1522327817337,1522327817476,1522327817476,1522327817617
1522327817617,1522327817756,1522327817756,1522327817897
1522327817898,1522327818036,1522327818036,1522327818177
1522327818177,1522327818315,1522327818316,1522327818457
1522327818457,1522327818595,1522327818595,1522327818736
1522327818736,1522327818874,1522327818875,1522327819016
1522327819016,1522327819155,1522327819155,1522327819296
1522327819296,1522327819435,1522327819435,1522327819577
1522327819577,1522327819715,1522327819715,1522327819857
1522327819857,1522327819995,1522327819995,1522327820136
1522327820136,1522327820275,1522327820275,1522327820416
1522327820416,1522327820555,1522327820555,1522327820696
1522327820696,1522327820835,1522327820835,1522327820976
1522327820976,1522327821114,1522327821114,1522327821256
1522327821256,1522327821395,1522327821395,1522327821536
1522327821536,1522327821674,1522327821674,1522327821816
1522327821816,1522327821955,1522327821956,1522327822098
1522327822098,1522327822236,1522327822236,1522327822377
1522327822377,1522327822516,1522327822516,1522327822667
1522327822667,1522327822807,1522327822808,1522327822949
1522327822949,1522327823087,1522327823087,1522327823229
1522327823229,1522327823368,1522327823368,1522327823511
1522327823511,1522327823651,1522327823651,1522327823793
1522327823793,1522327823931,1522327823931,1522327824073
1522327824073,1522327824211,1522327824211,1522327824370
1522327824370,1522327824508,1522327824508,1522327824651
1522327824651,1522327824789,1522327824789,1522327824930
1522327824930,1522327825069,1522327825069,1522327825211
1522327825211,1522327825350,1522327825350,1522327825491
1522327825491,1522327825630,1522327825630,1522327825771
1522327825771,1522327825910,1522327825910,1522327826051
1522327826051,1522327826189,1522327826189,1522327826331
1522327826331,1522327826469,1522327826469,1522327826610
1522327826611,1522327826749,1522327826749,1522327826890
1522327826890,1522327827029,1522327827029,1522327827170
1522327827170,1522327827309,1522327827309,1522327827450
1522327827450,1522327827589,1522327827589,1522327827730
1522327827730,1522327827868,1522327827868,1522327828009
1522327828009,1522327828148,1522327828148,1522327828289
1522327828289,1522327828428,1522327828428,1522327828569
1522327828569,1522327828707,1522327828707,1522327828848
1522327828848,1522327828986,1522327828987,1522327829128
1522327829128,1522327829266,1522327829266,1522327829407
1522327829407,1522327829545,1522327829545,1522327829687
1522327829687,1522327829825,1522327829825,1522327829966
1522327829966,1522327830105,1522327830105,1522327830246
1522327830246,1522327830384,1522327830385,1522327830526
1522327830526,1522327830664,1522327830664,1522327830805
1522327830805,1522327830944,1522327830944,1522327831085
1522327831085,1522327831224,1522327831224,1522327831366
1522327831366,1522327831504,1522327831504,1522327831645
1522327831645,1522327831784,1522327831784,1522327831925
1522327831925,1522327832064,1522327832064,1522327832206
1522327832206,1522327832345,1522327832345,1522327832486
1522327832486,1522327832624,1522327832624,1522327832766
1522327832766,1522327832904,1522327832904,1522327833046
1522327833046,1522327833184,1522327833184,1522327833326
1522327833326,1522327833464,1522327833464,1522327833605
1522327833605,1522327833744,1522327833744,1522327833885
1522327833885,1522327834024,1522327834024,1522327834166
1522327834166,1522327834305,1522327834305,1522327834446
1522327834446,1522327834584,1522327834585,1522327834726
1522327834726,1522327834865,1522327834865,1522327835006
1522327835006,1522327835145,1522327835145,1522327835286
1522327835286,1522327835425,1522327835425,1522327835566
1522327835566,1522327835704,1522327835704,1522327835846
1522327835846,1522327835984,1522327835984,1522327836126
1522327836126,1522327836265,1522327836265,1522327836406
1522327836406,1522327836545,1522327836545,1522327836686
1522327836686,1522327836824,1522327836824,1522327836965
1522327836965,1522327837104,1522327837104,1522327837245
1522327837245,1522327837384,1522327837384,1522327837525
1522327837525,1522327837664,1522327837664,1522327837805
1522327837805,1522327837943,1522327837944,1522327838085
1522327838085,1522327838224,1522327838224,1522327838365
1522327838365,1522327838503,1522327838504,1522327838645
1522327838645,1522327838783,1522327838783,1522327838925
1522327838925,1522327839064,1522327839064,1522327839205
1522327839205,1522327839344,1522327839344,1522327839485
1522327839485,1522327839623,1522327839623,1522327839764
1522327839764,1522327839902,1522327839903,1522327840045
1522327840045,1522327840183,1522327840183,1522327840325
1522327840325,1522327840463,1522327840463,1522327840606
1522327840606,1522327840746,1522327840746,1522327840887
1522327840887,1522327841026,1522327841026,1522327841167
1522327841167,1522327841305,1522327841306,1522327841447
1522327841447,1522327841585,1522327841586,1522327841727
1522327841727,1522327841865,1522327841865,1522327842006
1522327842006,1522327842145,1522327842145,1522327842286
1522327842286,1522327842425,1522327842425,1522327842566
1522327842566,1522327842705,1522327842705,1522327842846
1522327842846,1522327842984,1522327842985,1522327843130
1522327843130,1522327843268,1522327843268,1522327843409
1522327843409,1522327843548,1522327843548,1522327843689
1522327843689,1522327843828,1522327843828,1522327843969
1522327843969,1522327844108,1522327844108,1522327844249
1522327844249,1522327844387,1522327844387,1522327844529
1522327844529,1522327844668,1522327844668,1522327844809
1522327844809,1522327844948,1522327844948,1522327845089
1522327845089,1522327845228,1522327845228,1522327845369
1522327845369,1522327845508,1522327845508,1522327845649
1522327845649,1522327845788,1522327845788,1522327845929
1522327845929,1522327846068,1522327846068,1522327846209
1522327846209,1522327846348,1522327846348,1522327846490
1522327846490,1522327846630,1522327846630,1522327846771
1522327846771,1522327846910,1522327846911,1522327847053
1522327847053,1522327847192,1522327847192,1522327847334
1522327847334,1522327847472,1522327847473,1522327847615
1522327847615,1522327847754,1522327847754,1522327847896
1522327847896,1522327848034,1522327848034,1522327848175
1522327848175,1522327848314,1522327848314,1522327848457
1522327848457,1522327848595,1522327848595,1522327848737
1522327848737,1522327848875,1522327848875,1522327849016
1522327849016,1522327849155,1522327849155,1522327849296
1522327849296,1522327849434,1522327849436,1522327849578
1522327849578,1522327849716,1522327849717,1522327849859
1522327849859,1522327849998,1522327849998,1522327850140
1522327850140,1522327850279,1522327850279,1522327850420
1522327850420,1522327850559,1522327850559,1522327850701
1522327850701,1522327850839,1522327850839,1522327850980
1522327850980,1522327851118,1522327851119,1522327851260
1522327851260,1522327851399,1522327851400,1522327851541
1522327851541,1522327851680,1522327851680,1522327851821
1522327851821,1522327851960,1522327851961,1522327852102
1522327852102,1522327852240,1522327852241,1522327852382
1522327852382,1522327852521,1522327852521,1522327852663
1522327852663,1522327852801,1522327852801,1522327852942
1522327852942,1522327853081,1522327853081,1522327853223
1522327853223,1522327853361,1522327853361,1522327853502
1522327853503,1522327853641,1522327853641,1522327853782
1522327853782,1522327853920,1522327853921,1522327854063
1522327854063,1522327854201,1522327854201,1522327854343
1522327854343,1522327854481,1522327854481,1522327854623
1522327854623,1522327854762,1522327854762,1522327854903
1522327854903,1522327855042,1522327855042,1522327855183
1522327855183,1522327855321,1522327855321,1522327855462
1522327855462,1522327855601,1522327855601,1522327855742
1522327855742,1522327855881,1522327855881,1522327856023
1522327856023,1522327856161,1522327856162,1522327856303
1522327856303,1522327856441,1522327856441,1522327856583
1522327856583,1522327856721,1522327856721,1522327856863
1522327856863,1522327857001,1522327857001,1522327857142
1522327857142,1522327857281,1522327857281,1522327857422
1522327857422,1522327857561,1522327857561,1522327857702
1522327857702,1522327857841,1522327857841,1522327857982
1522327857982,1522327858120,1522327858121,1522327858261
1522327858261,1522327858400,1522327858400,1522327858541
1522327858541,1522327858680,1522327858680,1522327858822
1522327858822,1522327858960,1522327858960,1522327859101
1522327859101,1522327859239,1522327859240,1522327859381
1522327859381,1522327859520,1522327859520,1522327859664
1522327859664,1522327859802,1522327859802,1522327859944
1522327859944,1522327860082,1522327860082,1522327860224
1522327860224,1522327860362,1522327860362,1522327860503
1522327860503,1522327860641,1522327860642,1522327860783
1522327860783,1522327860921,1522327860922,1522327861062
1522327861062,1522327861201,1522327861201,1522327861342
1522327861342,1522327861481,1522327861481,1522327861622
1522327861622,1522327861760,1522327861761,1522327861903
1522327861903,1522327862041,1522327862041,1522327862182
1522327862182,1522327862321,1522327862321,1522327862462
1522327862462,1522327862600,1522327862600,1522327862741
1522327862741,1522327862880,1522327862880,1522327863021
1522327863022,1522327863160,1522327863160,1522327863302
1522327863302,1522327863440,1522327863441,1522327863582
1522327863582,1522327863720,1522327863720,1522327863861
1522327863862,1522327864000,1522327864000,1522327864142
1522327864142,1522327864280,1522327864280,1522327864421
1522327864421,1522327864560,1522327864560,1522327864702
1522327864702,1522327864840,1522327864840,1522327864982
1522327864982,1522327865120,1522327865120,1522327865262
1522327865262,1522327865400,1522327865400,1522327865542
1522327865542,1522327865680,1522327865681,1522327865822
1522327865822,1522327865961,1522327865961,1522327866102
1522327866102,1522327866242,1522327866243,1522327866384
1522327866384,1522327866522,1522327866523,1522327866664
1522327866664,1522327866803,1522327866803,1522327866945
1522327866945,1522327867084,1522327867084,1522327867225
1522327867225,1522327867364,1522327867364,1522327867505
1522327867505,1522327867644,1522327867644,1522327867785
1522327867785,1522327867924,1522327867924,1522327868065
1522327868065,1522327868204,1522327868204,1522327868350
1522327868350,1522327868489,1522327868489,1522327868633
1522327868633,1522327868772,1522327868772,1522327868913
1522327868914,1522327869052,1522327869053,1522327869194
1522327869194,1522327869333,1522327869333,1522327869474
1522327869475,1522327869613,1522327869614,1522327869755
1522327869755,1522327869893,1522327869893,1522327870034
1522327870034,1522327870172,1522327870173,1522327870314
1522327870314,1522327870452,1522327870452,1522327870593
1522327870593,1522327870731,1522327870731,1522327870872
1522327870872,1522327871011,1522327871011,1522327871152
1522327871152,1522327871291,1522327871291,1522327871432
1522327871432,1522327871570,1522327871570,1522327871711
1522327871711,1522327871849,1522327871850,1522327871991
1522327871991,1522327872130,1522327872130,1522327872271
1522327872272,1522327872410,1522327872410,1522327872552
1522327872552,1522327872690,1522327872690,1522327872833
1522327872833,1522327872971,1522327872972,1522327873113
1522327873113,1522327873252,1522327873253,1522327873394
1522327873394,1522327873532,1522327873532,1522327873673
1522327873673,1522327873811,1522327873812,1522327873953
1522327873953,1522327874092,1522327874092,1522327874234
1522327874234,1522327874373,1522327874373,1522327874515
1522327874515,1522327874653,1522327874654,1522327874795
1522327874795,1522327874933,1522327874933,1522327875074
1522327875074,1522327875212,1522327875212,1522327875354
1522327875354,1522327875492,1522327875492,1522327875634
1522327875634,1522327875772,1522327875772,1522327875913
1522327875913,1522327876051,1522327876052,1522327876193
1522327876193,1522327876332,1522327876332,1522327876473
1522327876473,1522327876611,1522327876612,1522327876753
1522327876753,1522327876892,1522327876892,1522327877033
1522327877033,1522327877172,1522327877172,1522327877314
1522327877314,1522327877452,1522327877452,1522327877594
1522327877594,1522327877732,1522327877733,1522327877874
1522327877874,1522327878012,1522327878012,1522327878154
1522327878154,1522327878292,1522327878293,1522327878434
1522327878434,1522327878572,1522327878572,1522327878714
1522327878714,1522327878853,1522327878853,1522327878994
1522327878994,1522327879132,1522327879132,1522327879274
1522327879274,1522327879412,1522327879412,1522327879554
1522327879554,1522327879692,1522327879693,1522327879834
1522327879834,1522327879972,1522327879972,1522327880113
1522327880114,1522327880252,1522327880252,1522327880393
1522327880393,1522327880532,1522327880532,1522327880673
1522327880673,1522327880812,1522327880812,1522327880954
1522327880954,1522327881092,1522327881092,1522327881234
1522327881234,1522327881372,1522327881372,1522327881513
1522327881513,1522327881651,1522327881652,1522327881793
1522327881793,1522327881932,1522327881932,1522327882073
1522327882074,1522327882212,1522327882212,1522327882353
1522327882353,1522327882492,1522327882492,1522327882633
1522327882633,1522327882772,1522327882772,1522327882914
1522327882914,1522327883052,1522327883053,1522327883194
1522327883194,1522327883332,1522327883332,1522327883474
1522327883474,1522327883612,1522327883612,1522327883754
1522327883754,1522327883892,1522327883892,1522327884033
1522327884033,1522327884172,1522327884172,1522327884313
1522327884313,1522327884451,1522327884452,1522327884593
1522327884593,1522327884731,1522327884731,1522327884873
1522327884873,1522327885011,1522327885011,1522327885152
1522327885152,1522327885291,1522327885291,1522327885432
1522327885432,1522327885570,1522327885571,1522327885712
1522327885712,1522327885851,1522327885851,1522327885992
1522327885992,1522327886130,1522327886131,1522327886272
1522327886272,1522327886410,1522327886410,1522327886552
1522327886552,1522327886691,1522327886691,1522327886832
1522327886832,1522327886971,1522327886971,1522327887112
1522327887112,1522327887250,1522327887251,1522327887392
1522327887392,1522327887530,1522327887530,1522327887672
1522327887672,1522327887810,1522327887810,1522327887952
1522327887952,1522327888090,1522327888090,1522327888232
1522327888232,1522327888370,1522327888370,1522327888512
1522327888512,1522327888651,1522327888651,1522327888793
1522327888793,1522327888931,1522327888932,1522327889073
1522327889073,1522327889211,1522327889212,1522327889353
1522327889353,1522327889491,1522327889492,1522327889633
1522327889633,1522327889771,1522327889771,1522327889912
1522327889912,1522327890051,1522327890051,1522327890192
1522327890192,1522327890331,1522327890331,1522327890472
1522327890472,1522327890610,1522327890610,1522327890751
1522327890751,1522327890889,1522327890889,1522327891030
1522327891030,1522327891169,1522327891169,1522327891310
1522327891311,1522327891450,1522327891450,1522327891591
1522327891591,1522327891730,1522327891730,1522327891871
1522327891871,1522327892010,1522327892010,1522327892151
1522327892151,1522327892289,1522327892290,1522327892436
1522327892436,1522327892574,1522327892574,1522327892719
1522327892719,1522327892857,1522327892858,1522327892999
1522327892999,1522327893137,1522327893137,1522327893278
1522327893278,1522327893417,1522327893417,1522327893559
1522327893559,1522327893697,1522327893697,1522327893838
1522327893838,1522327893977,1522327893977,1522327894118
1522327894118,1522327894257,1522327894257,1522327894398
1522327894398,1522327894536,1522327894536,1522327894677
1522327894677,1522327894816,1522327894816,1522327894957
1522327894957,1522327895095,1522327895096,1522327895238
1522327895238,1522327895376,1522327895376,1522327895517
1522327895517,1522327895656,1522327895656,1522327895797
1522327895797,1522327895936,1522327895936,1522327896077
1522327896077,1522327896215,1522327896216,1522327896357
1522327896357,1522327896495,1522327896495,1522327896636
1522327896636,1522327896775,1522327896775,1522327896916
1522327896916,1522327897055,1522327897055,1522327897197
1522327897197,1522327897335,1522327897336,1522327897478
1522327897478,1522327897617,1522327897617,1522327897758
1522327897758,1522327897897,1522327897897,1522327898038
1522327898038,1522327898177,1522327898177,1522327898318
1522327898318,1522327898457,1522327898457,1522327898598
1522327898598,1522327898736,1522327898737,1522327898878
1522327898878,1522327899016,1522327899016,1522327899158
1522327899158,1522327899296,1522327899296,1522327899437
1522327899437,1522327899575,1522327899576,1522327899717
1522327899717,1522327899855,1522327899855,1522327899997
1522327899997,1522327900135,1522327900136,1522327900277
1522327900277,1522327900415,1522327900415,1522327900558
1522327900558,1522327900696,1522327900696,1522327900837
1522327900838,1522327900976,1522327900976,1522327901117
1522327901117,1522327901255,1522327901255,1522327901397
1522327901397,1522327901535,1522327901535,1522327901676
1522327901676,1522327901815,1522327901815,1522327901956
1522327901956,1522327902094,1522327902095,1522327902236
1522327902236,1522327902374,1522327902375,1522327902516
1522327902516,1522327902655,1522327902655,1522327902796
1522327902796,1522327902934,1522327902934,1522327903075
1522327903075,1522327903213,1522327903214,1522327903355
1522327903355,1522327903493,1522327903493,1522327903634
1522327903634,1522327903773,1522327903773,1522327903914
1522327903915,1522327904054,1522327904054,1522327904197
1522327904197,1522327904335,1522327904335,1522327904477
1522327904477,1522327904615,1522327904615,1522327904756
1522327904756,1522327904895,1522327904895,1522327905036
1522327905036,1522327905174,1522327905175,1522327905316
1522327905316,1522327905454,1522327905454,1522327905595
1522327905595,1522327905733,1522327905734,1522327905874
1522327905875,1522327906013,1522327906013,1522327906154
1522327906154,1522327906293,1522327906293,1522327906435
1522327906435,1522327906573,1522327906573,1522327906714
1522327906714,1522327906853,1522327906853,1522327906994
1522327906994,1522327907132,1522327907132,1522327907273
1522327907273,1522327907412,1522327907412,1522327907554
1522327907554,1522327907693,1522327907693,1522327907834
1522327907834,1522327907972,1522327907972,1522327908114
1522327908114,1522327908253,1522327908253,1522327908394
1522327908394,1522327908532,1522327908532,1522327908674
1522327908674,1522327908812,1522327908813,1522327908954
1522327908955,1522327909094,1522327909094,1522327909235
1522327909235,1522327909374,1522327909374,1522327909515
1522327909515,1522327909653,1522327909653,1522327909794
1522327909794,1522327909933,1522327909933,1522327910075
1522327910075,1522327910213,1522327910213,1522327910356
1522327910356,1522327910494,1522327910494,1522327910637
1522327910637,1522327910776,1522327910776,1522327910917
1522327910917,1522327911056,1522327911056,1522327911197
1522327911197,1522327911336,1522327911336,1522327911477
1522327911477,1522327911615,1522327911615,1522327911756
1522327911756,1522327911894,1522327911895,1522327912036
1522327912036,1522327912174,1522327912175,1522327912317
1522327912317,1522327912456,1522327912456,1522327912597
1522327912597,1522327912736,1522327912736,1522327912878
1522327912878,1522327913016,1522327913016,1522327913158
1522327913158,1522327913296,1522327913296,1522327913437
1522327913437,1522327913576,1522327913576,1522327913720
1522327913720,1522327913858,1522327913858,1522327913999
1522327913999,1522327914137,1522327914138,1522327914279
1522327914279,1522327914417,1522327914417,1522327914559
1522327914559,1522327914697,1522327914698,1522327914839
1522327914839,1522327914977,1522327914978,1522327915119
1522327915119,1522327915257,1522327915257,1522327915398
1522327915398,1522327915536,1522327915537,1522327915678
1522327915678,1522327915816,1522327915816,1522327915957
1522327915957,1522327916095,1522327916095,1522327916237
1522327916237,1522327916376,1522327916376,1522327916517
1522327916517,1522327916655,1522327916655,1522327916796
1522327916796,1522327916935,1522327916935,1522327917077
1522327917077,1522327917216,1522327917216,1522327917358
1522327917358,1522327917496,1522327917497,1522327917638
1522327917638,1522327917776,1522327917776,1522327917917
1522327917917,1522327918055,1522327918055,1522327918197
1522327918197,1522327918335,1522327918335,1522327918476
1522327918476,1522327918614,1522327918615,1522327918756
1522327918756,1522327918894,1522327918894,1522327919039
1522327919039,1522327919179,1522327919179,1522327919328
1522327919328,1522327919469,1522327919469,1522327919616
1522327919616,1522327919756,1522327919756,1522327919898
1522327919898,1522327920036,1522327920037,1522327920179
1522327920179,1522327920317,1522327920317,1522327920459
1522327920459,1522327920597,1522327920597,1522327920738
1522327920738,1522327920876,1522327920877,1522327921018
1522327921018,1522327921156,1522327921156,1522327921297
1522327921297,1522327921436,1522327921436,1522327921577
1522327921577,1522327921716,1522327921716,1522327921857
1522327921857,1522327921996,1522327921996,1522327922137
1522327922137,1522327922275,1522327922276,1522327922417
1522327922417,1522327922555,1522327922556,1522327922697
1522327922697,1522327922835,1522327922836,1522327922977
1522327922977,1522327923115,1522327923116,1522327923257
1522327923257,1522327923395,1522327923395,1522327923536
1522327923536,1522327923675,1522327923675,1522327923816
1522327923816,1522327923955,1522327923955,1522327924096
1522327924096,1522327924234,1522327924235,1522327924376
1522327924376,1522327924514,1522327924514,1522327924657
1522327924657,1522327924795,1522327924796,1522327924937
1522327924937,1522327925075,1522327925075,1522327925216
1522327925216,1522327925355,1522327925355,1522327925496
1522327925496,1522327925634,1522327925634,1522327925775
1522327925775,1522327925913,1522327925914,1522327926055
1522327926055,1522327926193,1522327926193,1522327926335
1522327926335,1522327926473,1522327926473,1522327926615
1522327926615,1522327926753,1522327926753,1522327926894
1522327926894,1522327927033,1522327927033,1522327927176
1522327927176,1522327927315,1522327927316,1522327927457
1522327927457,1522327927595,1522327927596,1522327927737
1522327927737,1522327927876,1522327927876,1522327928017
1522327928017,1522327928156,1522327928156,1522327928297
1522327928297,1522327928436,1522327928436,1522327928577
1522327928577,1522327928715,1522327928715,1522327928857
1522327928857,1522327928995,1522327928996,1522327929137
1522327929137,1522327929275,1522327929275,1522327929416
1522327929416,1522327929555,1522327929555,1522327929696
1522327929696,1522327929835,1522327929835,1522327929976
1522327929976,1522327930115,1522327930115,1522327930262
1522327930262,1522327930402,1522327930402,1522327930543
1522327930543,1522327930682,1522327930682,1522327930823
1522327930823,1522327930962,1522327930962,1522327931103
1522327931103,1522327931241,1522327931242,1522327931383
1522327931383,1522327931522,1522327931522,1522327931663
1522327931663,1522327931802,1522327931802,1522327931943
1522327931943,1522327932082,1522327932082,1522327932223
1522327932223,1522327932361,1522327932362,1522327932503
1522327932503,1522327932641,1522327932641,1522327932782
1522327932782,1522327932921,1522327932921,1522327933062
1522327933062,1522327933200,1522327933200,1522327933342
1522327933342,1522327933480,1522327933480,1522327933621
1522327933621,1522327933760,1522327933760,1522327933902
1522327933902,1522327934041,1522327934041,1522327934186
1522327934186,1522327934324,1522327934324,1522327934469
1522327934469,1522327934608,1522327934608,1522327934749
1522327934749,1522327934888,1522327934888,1522327935031
1522327935031,1522327935171,1522327935171,1522327935312
1522327935312,1522327935450,1522327935451,1522327935592
1522327935592,1522327935730,1522327935730,1522327935871
1522327935871,1522327936009,1522327936009,1522327936151
1522327936151,1522327936289,1522327936289,1522327936434
1522327936434,1522327936574,1522327936574,1522327936715
1522327936715,1522327936853,1522327936854,1522327936995
1522327936995,1522327937133,1522327937133,1522327937276
1522327937276,1522327937415,1522327937416,1522327937558
1522327937558,1522327937696,1522327937696,1522327937846
1522327937846,1522327937986,1522327937986,1522327938127
1522327938127,1522327938266,1522327938266,1522327938407
1522327938407,1522327938546,1522327938546,1522327938692
1522327938692,1522327938830,1522327938830,1522327938971
1522327938971,1522327939110,1522327939110,1522327939251
1522327939251,1522327939390,1522327939390,1522327939531
1522327939531,1522327939670,1522327939670,1522327939811
1522327939811,1522327939950,1522327939950,1522327940091
1522327940091,1522327940230,1522327940230,1522327940371
1522327940371,1522327940510,1522327940510,1522327940652
1522327940652,1522327940791,1522327940791,1522327940932
1522327940932,1522327941070,1522327941070,1522327941212
1522327941212,1522327941350,1522327941350,1522327941492
1522327941492,1522327941630,1522327941630,1522327941771
1522327941771,1522327941911,1522327941911,1522327942052
1522327942052,1522327942190,1522327942191,1522327942333
1522327942333,1522327942472,1522327942472,1522327942615
1522327942615,1522327942753,1522327942754,1522327942895
1522327942895,1522327943033,1522327943034,1522327943175
1522327943175,1522327943314,1522327943314,1522327943455
1522327943455,1522327943593,1522327943593,1522327943734
1522327943734,1522327943874,1522327943874,1522327944015
1522327944015,1522327944153,1522327944153,1522327944295
1522327944295,1522327944433,1522327944433,1522327944575
1522327944575,1522327944714,1522327944714,1522327944855
1522327944855,1522327944993,1522327944993,1522327945134
1522327945134,1522327945273,1522327945273,1522327945414
1522327945414,1522327945552,1522327945553,1522327945694
1522327945694,1522327945832,1522327945832,1522327945973
1522327945973,1522327946111,1522327946112,1522327946252
1522327946252,1522327946391,1522327946391,1522327946532
1522327946532,1522327946671,1522327946671,1522327946812
1522327946812,1522327946951,1522327946951,1522327947092
1522327947092,1522327947231,1522327947231,1522327947372
1522327947372,1522327947511,1522327947511,1522327947652
1522327947652,1522327947791,1522327947791,1522327947932
1522327947932,1522327948071,1522327948071,1522327948213
1522327948213,1522327948351,1522327948351,1522327948492
1522327948492,1522327948631,1522327948631,1522327948776
1522327948776,1522327948914,1522327948915,1522327949056
1522327949056,1522327949194,1522327949195,1522327949336
1522327949336,1522327949474,1522327949474,1522327949615
1522327949615,1522327949755,1522327949756,1522327949900
1522327949901,1522327950039,1522327950039,1522327950180
1522327950180,1522327950319,1522327950319,1522327950460
1522327950460,1522327950599,1522327950599,1522327950740
1522327950740,1522327950878,1522327950879,1522327951020
1522327951020,1522327951159,1522327951159,1522327951301
1522327951301,1522327951439,1522327951439,1522327951581
1522327951581,1522327951719,1522327951719,1522327951861
1522327951861,1522327952001,1522327952001,1522327952143
1522327952143,1522327952281,1522327952281,1522327952422
1522327952422,1522327952560,1522327952560,1522327952701
1522327952702,1522327952840,1522327952840,1522327952981
1522327952981,1522327953119,1522327953119,1522327953260
1522327953260,1522327953399,1522327953399,1522327953540
1522327953540,1522327953679,1522327953679,1522327953820
1522327953820,1522327953958,1522327953958,1522327954099
1522327954099,1522327954238,1522327954238,1522327954379
1522327954379,1522327954518,1522327954518,1522327954659
1522327954659,1522327954798,1522327954798,1522327954939
1522327954940,1522327955078,1522327955078,1522327955219
1522327955219,1522327955358,1522327955358,1522327955499
1522327955499,1522327955637,1522327955637,1522327955779
1522327955779,1522327955918,1522327955918,1522327956060
1522327956060,1522327956198,1522327956198,1522327956339
1522327956339,1522327956478,1522327956478,1522327956620
1522327956620,1522327956760,1522327956760,1522327956901
1522327956901,1522327957040,1522327957040,1522327957181
1522327957181,1522327957320,1522327957320,1522327957461
1522327957462,1522327957600,1522327957600,1522327957742
1522327957742,1522327957882,1522327957882,1522327958023
1522327958023,1522327958161,1522327958161,1522327958303
1522327958303,1522327958441,1522327958441,1522327958583
1522327958583,1522327958722,1522327958722,1522327958864
1522327958864,1522327959002,1522327959002,1522327959143
1522327959143,1522327959282,1522327959282,1522327959423
1522327959423,1522327959561,1522327959561,1522327959702
1522327959702,1522327959840,1522327959840,1522327959982
1522327959983,1522327960121,1522327960122,1522327960263
1522327960263,1522327960401,1522327960401,1522327960543
1522327960543,1522327960681,1522327960681,1522327960822
1522327960822,1522327960960,1522327960960,1522327961102
1522327961102,1522327961240,1522327961240,1522327961381
1522327961381,1522327961520,1522327961520,1522327961661
1522327961661,1522327961799,1522327961799,1522327961940
1522327961940,1522327962079,1522327962079,1522327962220
1522327962220,1522327962358,1522327962358,1522327962499
1522327962500,1522327962638,1522327962638,1522327962779
1522327962779,1522327962918,1522327962918,1522327963059
1522327963059,1522327963198,1522327963198,1522327963339
1522327963339,1522327963478,1522327963478,1522327963619
1522327963619,1522327963758,1522327963758,1522327963899
1522327963899,1522327964037,1522327964037,1522327964179
1522327964179,1522327964317,1522327964317,1522327964458
1522327964458,1522327964597,1522327964597,1522327964738
1522327964738,1522327964877,1522327964877,1522327965018
1522327965018,1522327965156,1522327965157,1522327965298
1522327965298,1522327965437,1522327965437,1522327965583
1522327965583,1522327965721,1522327965722,1522327965863
1522327965863,1522327966001,1522327966001,1522327966142
1522327966142,1522327966280,1522327966281,1522327966422
1522327966422,1522327966560,1522327966560,1522327966701
1522327966701,1522327966840,1522327966840,1522327966981
1522327966981,1522327967119,1522327967119,1522327967261
1522327967261,1522327967399,1522327967399,1522327967540
1522327967540,1522327967678,1522327967679,1522327967820
1522327967820,1522327967958,1522327967958,1522327968099
1522327968099,1522327968237,1522327968238,1522327968380
1522327968380,1522327968518,1522327968518,1522327968662
1522327968662,1522327968801,1522327968801,1522327968942
1522327968942,1522327969080,1522327969081,1522327969222
1522327969222,1522327969360,1522327969360,1522327969501
1522327969502,1522327969640,1522327969640,1522327969781
1522327969781,1522327969920,1522327969920,1522327970061
1522327970061,1522327970199,1522327970200,1522327970341
1522327970341,1522327970480,1522327970480,1522327970622
1522327970622,1522327970760,1522327970761,1522327970906
1522327970906,1522327971044,1522327971044,1522327971186
1522327971186,1522327971324,1522327971324,1522327971465
1522327971465,1522327971604,1522327971604,1522327971745
1522327971745,1522327971885,1522327971885,1522327972026
1522327972026,1522327972164,1522327972164,1522327972306
1522327972306,1522327972444,1522327972445,1522327972586
1522327972586,1522327972724,1522327972724,1522327972865
1522327972865,1522327973004,1522327973004,1522327973150
1522327973150,1522327973289,1522327973289,1522327973430
1522327973430,1522327973568,1522327973568,1522327973710
1522327973710,1522327973848,1522327973848,1522327973990
1522327973990,1522327974129,1522327974129,1522327974272
1522327974272,1522327974410,1522327974411,1522327974552
1522327974552,1522327974690,1522327974690,1522327974838
1522327974838,1522327974977,1522327974977,1522327975122
1522327975122,1522327975261,1522327975261,1522327975403
1522327975404,1522327975542,1522327975543,1522327975688
1522327975688,1522327975827,1522327975827,1522327975969
1522327975969,1522327976107,1522327976107,1522327976248
1522327976248,1522327976386,1522327976387,1522327976528
1522327976528,1522327976669,1522327976669,1522327976810
1522327976810,1522327976949,1522327976949,1522327977091
1522327977091,1522327977229,1522327977229,1522327977370
1522327977370,1522327977509,1522327977509,1522327977652
1522327977652,1522327977792,1522327977792,1522327977940
1522327977940,1522327978078,1522327978079,1522327978220
1522327978220,1522327978358,1522327978359,1522327978500
1522327978500,1522327978638,1522327978639,1522327978780
1522327978780,1522327978918,1522327978919,1522327979059
1522327979059,1522327979198,1522327979198,1522327979340
1522327979340,1522327979478,1522327979478,1522327979621
1522327979621,1522327979760,1522327979760,1522327979901
1522327979901,1522327980040,1522327980040,1522327980182
1522327980182,1522327980320,1522327980321,1522327980462
1522327980463,1522327980601,1522327980601,1522327980742
1522327980742,1522327980881,1522327980881,1522327981022
1522327981022,1522327981160,1522327981160,1522327981301
1522327981301,1522327981440,1522327981440,1522327981582
1522327981582,1522327981720,1522327981720,1522327981861
1522327981861,1522327982000,1522327982000,1522327982142
1522327982142,1522327982280,1522327982280,1522327982422
1522327982422,1522327982560,1522327982561,1522327982702
1522327982702,1522327982841,1522327982841,1522327982983
1522327982983,1522327983121,1522327983121,1522327983263
1522327983263,1522327983402,1522327983402,1522327983543
1522327983543,1522327983681,1522327983681,1522327983822
1522327983822,1522327983961,1522327983961,1522327984102
1522327984102,1522327984241,1522327984241,1522327984382
1522327984382,1522327984520,1522327984520,1522327984662
1522327984662,1522327984801,1522327984801,1522327984942
1522327984942,1522327985080,1522327985081,1522327985222
1522327985222,1522327985360,1522327985360,1522327985501
1522327985502,1522327985640,1522327985640,1522327985786
1522327985786,1522327985926,1522327985927,1522327986068
1522327986068,1522327986206,1522327986207,1522327986348
1522327986348,1522327986488,1522327986488,1522327986629
1522327986629,1522327986767,1522327986767,1522327986909
1522327986909,1522327987047,1522327987047,1522327987188
1522327987188,1522327987327,1522327987327,1522327987472
1522327987472,1522327987612,1522327987613,1522327987754
1522327987754,1522327987892,1522327987892,1522327988034
1522327988034,1522327988172,1522327988173,1522327988314
1522327988314,1522327988453,1522327988453,1522327988594
1522327988594,1522327988735,1522327988735,1522327988878
1522327988878,1522327989016,1522327989016,1522327989158
1522327989158,1522327989297,1522327989297,1522327989439
1522327989439,1522327989578,1522327989578,1522327989719
1522327989719,1522327989858,1522327989858,1522327990000
1522327990000,1522327990140,1522327990140,1522327990282
1522327990282,1522327990421,1522327990422,1522327990568
1522327990568,1522327990709,1522327990709,1522327990851
1522327990851,1522327990989,1522327990989,1522327991131
1522327991131,1522327991270,1522327991270,1522327991412
1522327991412,1522327991550,1522327991550,1522327991691
1522327991691,1522327991830,1522327991830,1522327991971
1522327991972,1522327992110,1522327992111,1522327992252
1522327992252,1522327992391,1522327992391,1522327992535
1522327992535,1522327992675,1522327992675,1522327992824
1522327992824,1522327992964,1522327992964,1522327993113
1522327993113,1522327993252,1522327993252,1522327993393
1522327993394,1522327993532,1522327993532,1522327993673
1522327993673,1522327993812,1522327993812,1522327993956
1522327993956,1522327994095,1522327994095,1522327994238
1522327994238,1522327994376,1522327994376,1522327994517
1522327994518,1522327994656,1522327994656,1522327994798
1522327994798,1522327994936,1522327994936,1522327995078
1522327995078,1522327995217,1522327995217,1522327995358
1522327995358,1522327995497,1522327995497,1522327995638
1522327995638,1522327995776,1522327995776,1522327995919
1522327995919,1522327996058,1522327996058,1522327996200
1522327996200,1522327996339,1522327996339,1522327996480
1522327996480,1522327996619,1522327996619,1522327996760
1522327996760,1522327996898,1522327996899,1522327997040
1522327997040,1522327997178,1522327997178,1522327997320
1522327997320,1522327997459,1522327997459,1522327997601
1522327997601,1522327997739,1522327997739,1522327997880
1522327997880,1522327998018,1522327998019,1522327998160
1522327998160,1522327998298,1522327998298,1522327998439
1522327998440,1522327998578,1522327998578,1522327998719
1522327998719,1522327998858,1522327998858,1522327999002
1522327999002,1522327999142,1522327999142,1522327999284
1522327999284,1522327999422,1522327999422,1522327999563
1522327999564,1522327999704,1522327999704,1522327999845
1522327999845,1522327999984,1522327999984,1522328000125
1522328000125,1522328000265,1522328000265,1522328000411
1522328000411,1522328000550,1522328000550,1522328000691
1522328000691,1522328000830,1522328000830,1522328000972
1522328000972,1522328001110,1522328001110,1522328001251
1522328001251,1522328001390,1522328001390,1522328001532
1522328001532,1522328001670,1522328001670,1522328001811
1522328001811,1522328001950,1522328001950,1522328002092
1522328002092,1522328002233,1522328002233,1522328002374
1522328002374,1522328002514,1522328002514,1522328002655
1522328002655,1522328002794,1522328002794,1522328002935
1522328002935,1522328003073,1522328003073,1522328003214
1522328003214,1522328003352,1522328003353,1522328003494
1522328003494,1522328003632,1522328003632,1522328003773
1522328003773,1522328003911,1522328003912,1522328004053
1522328004053,1522328004191,1522328004192,1522328004333
1522328004333,1522328004472,1522328004472,1522328004613
1522328004613,1522328004751,1522328004751,1522328004893
1522328004893,1522328005031,1522328005031,1522328005172
1522328005172,1522328005312,1522328005312,1522328005453
1522328005453,1522328005591,1522328005592,1522328005732
1522328005732,1522328005871,1522328005871,1522328006014
1522328006014,1522328006154,1522328006154,1522328006298
1522328006298,1522328006436,1522328006437,1522328006578
1522328006578,1522328006716,1522328006716,1522328006858
1522328006858,1522328006996,1522328006996,1522328007137
1522328007137,1522328007276,1522328007276,1522328007417
1522328007417,1522328007555,1522328007555,1522328007696
1522328007696,1522328007834,1522328007835,1522328007978
1522328007978,1522328008117,1522328008117,1522328008258
1522328008258,1522328008397,1522328008397,1522328008544
1522328008544,1522328008683,1522328008683,1522328008824
1522328008824,1522328008963,1522328008963,1522328009105
1522328009105,1522328009243,1522328009243,1522328009385
1522328009385,1522328009524,1522328009524,1522328009665
1522328009665,1522328009803,1522328009803,1522328009944
1522328009944,1522328010082,1522328010082,1522328010223
1522328010224,1522328010362,1522328010362,1522328010503
1522328010503,1522328010641,1522328010641,1522328010782
1522328010782,1522328010921,1522328010921,1522328011062
1522328011062,1522328011200,1522328011200,1522328011341
1522328011341,1522328011480,1522328011480,1522328011621
1522328011621,1522328011759,1522328011759,1522328011900
1522328011900,1522328012038,1522328012038,1522328012183
1522328012183,1522328012323,1522328012323,1522328012464
1522328012464,1522328012602,1522328012602,1522328012743
1522328012743,1522328012881,1522328012881,1522328013022
1522328013022,1522328013160,1522328013161,1522328013301
1522328013302,1522328013440,1522328013440,1522328013581
1522328013581,1522328013719,1522328013719,1522328013860
1522328013860,1522328013999,1522328013999,1522328014140
1522328014140,1522328014278,1522328014278,1522328014419
1522328014419,1522328014557,1522328014558,1522328014699
1522328014699,1522328014837,1522328014837,1522328014978
1522328014978,1522328015116,1522328015117,1522328015258
1522328015258,1522328015396,1522328015396,1522328015537
1522328015537,1522328015675,1522328015675,1522328015816
1522328015816,1522328015955,1522328015955,1522328016096
1522328016096,1522328016235,1522328016235,1522328016376
1522328016376,1522328016516,1522328016516,1522328016657
1522328016657,1522328016795,1522328016795,1522328016937
1522328016937,1522328017075,1522328017076,1522328017217
1522328017217,1522328017355,1522328017355,1522328017496
1522328017496,1522328017635,1522328017635,1522328017776
1522328017776,1522328017914,1522328017914,1522328018056
1522328018056,1522328018195,1522328018195,1522328018336
1522328018336,1522328018475,1522328018475,1522328018616
1522328018616,1522328018755,1522328018755,1522328018896
1522328018896,1522328019034,1522328019034,1522328019175
1522328019175,1522328019314,1522328019314,1522328019456
1522328019456,1522328019594,1522328019594,1522328019735
1522328019735,1522328019874,1522328019874,1522328020015
1522328020015,1522328020154,1522328020154,1522328020295
1522328020295,1522328020434,1522328020434,1522328020575
1522328020575,1522328020714,1522328020714,1522328020855
1522328020855,1522328020993,1522328020993,1522328021134
1522328021134,1522328021272,1522328021273,1522328021414
1522328021414,1522328021552,1522328021552,1522328021693
1522328021693,1522328021832,1522328021832,1522328021973
1522328021973,1522328022112,1522328022112,1522328022253
1522328022253,1522328022391,1522328022392,1522328022532
1522328022532,1522328022671,1522328022671,1522328022812
1522328022812,1522328022951,1522328022951,1522328023092
1522328023092,1522328023230,1522328023231,1522328023372
1522328023372,1522328023511,1522328023512,1522328023653
1522328023653,1522328023791,1522328023791,1522328023933
1522328023933,1522328024072,1522328024072,1522328024213
1522328024213,1522328024352,1522328024352,1522328024493
1522328024493,1522328024632,1522328024632,1522328024773
1522328024773,1522328024911,1522328024911,1522328025053
1522328025053,1522328025191,1522328025192,1522328025333
1522328025333,1522328025471,1522328025471,1522328025612
1522328025612,1522328025751,1522328025751,1522328025892
1522328025892,1522328026030,1522328026030,1522328026172
1522328026172,1522328026310,1522328026310,1522328026451
1522328026451,1522328026590,1522328026590,1522328026731
1522328026731,1522328026869,1522328026870,1522328027011
1522328027012,1522328027151,1522328027151,1522328027292
1522328027292,1522328027430,1522328027430,1522328027571
1522328027571,1522328027710,1522328027710,1522328027851
1522328027851,1522328027990,1522328027990,1522328028131
1522328028131,1522328028269,1522328028270,1522328028411
1522328028411,1522328028549,1522328028549,1522328028691
1522328028691,1522328028829,1522328028830,1522328028973
1522328028973,1522328029112,1522328029112,1522328029260
1522328029260,1522328029398,1522328029398,1522328029545
1522328029545,1522328029683,1522328029683,1522328029827
1522328029827,1522328029966,1522328029966,1522328030109
1522328030109,1522328030248,1522328030248,1522328030389
1522328030389,1522328030527,1522328030527,1522328030669
1522328030669,1522328030807,1522328030807,1522328030949
1522328030949,1522328031087,1522328031088,1522328031229
1522328031229,1522328031367,1522328031367,1522328031508
1522328031508,1522328031646,1522328031647,1522328031788
1522328031788,1522328031926,1522328031926,1522328032067
1522328032067,1522328032206,1522328032206,1522328032348
1522328032348,1522328032486,1522328032487,1522328032628
1522328032628,1522328032766,1522328032766,1522328032907
1522328032907,1522328033046,1522328033046,1522328033187
1522328033187,1522328033326,1522328033326,1522328033467
1522328033467,1522328033606,1522328033606,1522328033747
1522328033747,1522328033885,1522328033885,1522328034026
1522328034026,1522328034165,1522328034165,1522328034306
1522328034306,1522328034444,1522328034444,1522328034586
1522328034586,1522328034724,1522328034725,1522328034866
1522328034866,1522328035004,1522328035004,1522328035145
1522328035145,1522328035283,1522328035284,1522328035425
1522328035425,1522328035563,1522328035563,1522328035705
1522328035705,1522328035843,1522328035843,1522328035984
1522328035984,1522328036123,1522328036123,1522328036264
1522328036264,1522328036402,1522328036402,1522328036543
1522328036543,1522328036681,1522328036682,1522328036823
1522328036823,1522328036962,1522328036962,1522328037103
1522328037103,1522328037241,1522328037241,1522328037383
1522328037383,1522328037521,1522328037521,1522328037662
1522328037662,1522328037801,1522328037801,1522328037942
1522328037942,1522328038080,1522328038081,1522328038222
1522328038222,1522328038361,1522328038361,1522328038502
1522328038502,1522328038640,1522328038641,1522328038782
1522328038782,1522328038921,1522328038921,1522328039062
1522328039062,1522328039201,1522328039201,1522328039342
1522328039342,1522328039481,1522328039481,1522328039622
1522328039622,1522328039760,1522328039761,1522328039902
1522328039902,1522328040041,1522328040041,1522328040182
1522328040182,1522328040322,1522328040322,1522328040463
1522328040463,1522328040601,1522328040601,1522328040743
1522328040743,1522328040881,1522328040881,1522328041022
1522328041022,1522328041161,1522328041161,1522328041302
1522328041302,1522328041441,1522328041441,1522328041582
1522328041582,1522328041720,1522328041720,1522328041861
1522328041861,1522328042000,1522328042000,1522328042142
1522328042142,1522328042280,1522328042281,1522328042423
1522328042423,1522328042561,1522328042562,1522328042702
1522328042703,1522328042841,1522328042841,1522328042983
1522328042983,1522328043121,1522328043121,1522328043262
1522328043262,1522328043401,1522328043401,1522328043542
1522328043543,1522328043681,1522328043681,1522328043822
1522328043822,1522328043960,1522328043960,1522328044102
1522328044102,1522328044240,1522328044240,1522328044381
1522328044381,1522328044519,1522328044519,1522328044661
1522328044661,1522328044799,1522328044800,1522328044941
1522328044941,1522328045079,1522328045079,1522328045220
1522328045220,1522328045358,1522328045358,1522328045500
1522328045500,1522328045638,1522328045638,1522328045779
1522328045779,1522328045918,1522328045918,1522328046059
1522328046059,1522328046198,1522328046198,1522328046340
1522328046340,1522328046478,1522328046478,1522328046619
1522328046619,1522328046758,1522328046758,1522328046899
1522328046899,1522328047038,1522328047038,1522328047179
1522328047179,1522328047318,1522328047318,1522328047459
1522328047461,1522328047599,1522328047599,1522328047740
1522328047740,1522328047879,1522328047879,1522328048020
1522328048020,1522328048158,1522328048159,1522328048303
1522328048303,1522328048442,1522328048442,1522328048585
1522328048585,1522328048724,1522328048725,1522328048866
1522328048866,1522328049004,1522328049004,1522328049145
1522328049145,1522328049284,1522328049284,1522328049425
1522328049425,1522328049564,1522328049564,1522328049705
1522328049705,1522328049844,1522328049844,1522328049985
1522328049985,1522328050123,1522328050124,1522328050265
1522328050265,1522328050403,1522328050403,1522328050544
1522328050544,1522328050682,1522328050683,1522328050824
1522328050824,1522328050963,1522328050963,1522328051105
1522328051106,1522328051245,1522328051245,1522328051386
1522328051386,1522328051524,1522328051524,1522328051665
1522328051665,1522328051804,1522328051804,1522328051945
1522328051946,1522328052084,1522328052084,1522328052225
1522328052225,1522328052364,1522328052364,1522328052505
1522328052505,1522328052643,1522328052644,1522328052785
1522328052785,1522328052924,1522328052924,1522328053069
1522328053069,1522328053207,1522328053207,1522328053354
1522328053354,1522328053492,1522328053492,1522328053633
1522328053633,1522328053772,1522328053772,1522328053913
1522328053913,1522328054052,1522328054052,1522328054193
1522328054193,1522328054331,1522328054332,1522328054473
1522328054473,1522328054611,1522328054611,1522328054752
1522328054752,1522328054891,1522328054891,1522328055032
1522328055032,1522328055170,1522328055170,1522328055311
1522328055311,1522328055450,1522328055450,1522328055591
1522328055591,1522328055729,1522328055730,1522328055871
1522328055871,1522328056010,1522328056010,1522328056151
1522328056151,1522328056290,1522328056291,1522328056432
1522328056432,1522328056570,1522328056570,1522328056712
1522328056712,1522328056850,1522328056850,1522328056992
1522328056992,1522328057130,1522328057130,1522328057271
